proxy_wallet,bot_score,cluster,kmeans,operator_id,operator_size,c_cadence_regularity,c_activity_247,c_size_regularity,c_breadth,c_burstiness,c_reaction,n_trades,active_hours,cv_gap,breadth_markets,max_trades_per_sec,reaction_alignment,realized_pnl_usdc,volume_usdc,roi_on_resolved,fill_win_rate
0xc0d896336db3b2e08876a5dcd63b25a811e15430,0.7425000000000002,0,0,op_001,146.0,0.0,1.0,0.916,1.0,1.0,0.5509999999999999,1500,24,3.3781678908443857,165,10,0.7755,41.36,894.57,0.0462,0.882
0x900939fada83b830ae89e39c031e11e44bd91621,0.739037807435653,-1,0,op_001,146.0,0.0,1.0,0.8846520495710201,1.0,1.0,0.5633999999999999,2098,24,2.892225235101624,188,18,0.7817,127.83,1165.89,0.1096,0.8937
0xc90b20dd4ccd4d1f6c0a2182b8b1cf9526707190,0.7369770189099,0,0,op_001,146.0,0.0,1.0,0.9021134593993326,1.0,1.0,0.5166,1798,24,2.9232055300033464,172,14,0.7583,82.76,1024.66,0.0808,0.8927
0x04dcf8d1328b2bf5fa6e7aa8a200df95751cd572,0.732583666404406,-1,0,op_001,146.0,0.0,1.0,0.8636244426960399,1.0,1.0,0.5304,3813,24,8.256161467296225,209,20,0.7652,234.07,1951.89,0.1207,0.9032
0x20d81d3225d25c1618497548b486c192ac80463e,0.7295859041622945,0,0,op_001,146.0,0.0,0.9166666666666666,0.9223504721930745,1.0,1.0,0.579,953,22,2.41688336568755,146,10,0.7895,46.26,590.07,0.0784,0.8814
0x19af989568d17f3862ff77e6d5a15b055a076e63,0.7275083464566929,0,0,op_001,146.0,0.0,0.9166666666666666,0.9326334208223972,1.0,1.0,0.5428,1143,22,2.5286844845606025,154,10,0.7714,43.89,681.0,0.0644,0.8845
0xcb32934773126ed9267babaee1e68f0c375779aa,0.726526167146974,-1,0,op_001,146.0,0.0,1.0,0.8559077809798271,1.0,1.0,0.48140000000000005,2776,24,7.226193969604781,206,20,0.7407,165.63,1451.57,0.1147,0.9001
0xe43ff9e39282c95e76a53ec38243b78e1e9fa889,0.7195833076263924,0,0,op_001,146.0,0.0,0.9166666666666666,0.9005998286203942,1.0,1.0,0.5116,1167,22,3.1531683550451834,155,10,0.7558,47.34,698.23,0.0678,0.8809
0xd009eeeeac8c81dc2d5e254e0e25a1a14e5791af,0.7192720708237106,-1,0,op_001,146.0,0.0,0.9583333333333334,0.8868360277136259,1.0,1.0,0.4458,1299,23,3.1903576637510755,162,18,0.7229,37.61,774.58,0.0486,0.8799
0x23d18416645924e097c453e8ceadd4bfeb6a353f,0.7150588793103448,-1,0,op_001,146.0,0.0,1.0,0.8545258620689655,1.0,1.0,0.3688,5568,24,9.671818015485718,224,20,0.6844,267.51,2760.8,0.0973,0.9039
0xa5cbba9e2a8bf817e94dc470a0d3589c85b06882,0.71463197640118,0,0,op_001,146.0,0.0,0.8333333333333334,0.9587020648967551,1.0,1.0,0.5416000000000001,678,20,2.515203516534482,123,10,0.7708,34.18,435.49,0.0785,0.8776
0x8c8c6ff64d28710dc7cf1b4fd6ca31d06864f34a,0.7133537049941928,0,0,op_001,146.0,0.0,0.8333333333333334,0.9303135888501742,1.0,1.0,0.5713999999999999,574,20,2.484463087720789,117,9,0.7857,26.37,387.38,0.0681,0.8728
0x19030321b6bec847edf3c2c3df3942487bef4372,0.7095563327475103,0,0,op_001,146.0,0.0,0.8333333333333334,0.9367311072056239,1.0,1.0,0.5238,569,20,2.4560015025450337,118,9,0.7619,32.43,368.79,0.0879,0.8787
0x486f33c429018d32825dbf74144b82a511b61334,0.7094079815455595,0,0,op_001,146.0,0.0,0.8333333333333334,0.9238754325259516,1.0,1.0,0.5416000000000001,578,20,2.5068479047481778,116,10,0.7708,38.66,393.38,0.0983,0.872
0xd2bbc6edc2739467a988984fa5c8d7537e26d53f,0.7077480778588808,0,0,op_001,146.0,0.0,0.7916666666666666,0.9503649635036496,1.0,1.0,0.5686,685,19,2.36382310996136,126,10,0.7843,49.15,432.64,0.1136,0.8847
0x0e7fa09bf44514693b5ecc2420c50abc39b62015,0.7044503030303031,0,0,op_001,146.0,0.0,0.8333333333333334,0.7757575757575758,1.0,1.0,0.7142,825,20,3.865814158241754,110,11,0.8571,36.04,4530.33,0.008,0.8774
0x2f880cf7fa3dc3bc53c6344a88c379304536a6f0,0.7037308827404479,0,0,op_001,146.0,0.0,0.7916666666666666,0.9235836627140975,1.0,1.0,0.5686,759,19,2.362161475004345,133,10,0.7843,40.09,472.09,0.0849,0.8827
0x13e0deb363b29f1221fca4bf964da716b71a82f9,0.6894950017235436,-1,0,op_001,146.0,0.0,0.9583333333333334,0.9855222337125129,1.0,1.0,0.0,967,23,4.251633009625921,125,10,0.3333,-4.96,953.57,-0.0057,0.8632
0x28bf066c6cb952da62d6d182c16ad173ada64a4e,0.6856671800679502,2,0,op_001,146.0,0.0,1.0,0.4801812004530011,1.0,1.0,0.6364000000000001,883,24,4.013721771561848,149,6,0.8182,-79.37,16555.05,-0.0049,0.7663
0x3d1d955fa319f2df43d87237c4a0c10c04049e61,0.6785025806451612,-1,0,op_001,146.0,0.0,1.0,0.7354838709677419,1.0,1.0,0.18179999999999996,1085,24,3.7257180032143222,167,14,0.5909,-1.43,4167.47,-0.0003,0.8619
0x1831d1abf62dfadabcabb3d1c2bf4476146a6c99,0.6667934093789608,-1,0,,,0.0,0.9166666666666666,0.8897338403041825,1.0,1.0,0.0,263,22,2.0683167997869556,142,3,0.1538,-31.45,1307.23,-0.0261,0.1926
0xedbd76fe832c4a43d5538f979126e97db24bdd60,0.6667827340267459,0,0,op_001,146.0,0.0,0.75,0.826151560178306,1.0,1.0,0.4286000000000001,673,18,2.629174595168746,125,10,0.7143,19.26,2743.0,0.007,0.8663
0x7dcf235766e6b09c8869468a75d5495cf171a7bd,0.6634548717948718,1,0,op_001,146.0,0.0,0.9166666666666666,0.4230769230769231,1.0,1.0,0.6666000000000001,104,22,1.4446707650711932,54,5,0.8333,36.37,2088.71,0.0211,0.954
0xfd557e6db670c9704bc1d0d8e8b585c7d9c9f905,0.6627702325581395,2,0,op_001,146.0,0.0,1.0,0.4728682170542636,1.0,1.0,0.4184000000000001,903,24,4.036496434303441,169,6,0.7092,145.2,19019.54,0.0078,0.8617
0xcfff4295288ee29f75a38a7028611b7c1e93673d,0.660620412371134,2,0,op_001,146.0,0.0,1.0,0.4845360824742268,1.0,1.0,0.37939999999999996,679,24,3.750856310851959,182,5,0.6897,47.64,15151.31,0.0032,0.9463
0x0ba322c2b039682b3f3065dc35475bf1f63957bc,0.6588290398126464,2,0,op_001,146.0,0.0,1.0,0.3255269320843091,1.0,1.0,0.6000000000000001,427,24,3.426930873242823,141,4,0.8,-33.2,3119.3,-0.0106,0.7119
0x942e79166821f3f4e67872e44f1672fcccd2be27,0.6569390099009901,2,0,op_001,146.0,0.0,1.0,0.46732673267326735,1.0,1.0,0.36840000000000006,505,24,3.3643762987473953,152,5,0.6842,-12.91,10957.05,-0.0012,0.9637
0xb0d62e7959377b18fd63b772c74147724e0e7475,0.6448946830265848,-1,0,op_001,146.0,0.0,0.9166666666666666,0.5337423312883436,1.0,1.0,0.31499999999999995,489,22,2.038559192058258,104,10,0.6575,60.22,5896.91,0.011,0.9299
0xca1f9b9d67d947c8007d9814e8f9d6045cccd282,0.643560606060606,1,1,,,0.0,0.9166666666666666,0.5681818181818182,1.0,0.6666666666666666,0.75,88,22,1.8311730557751973,44,2,0.875,-8.23,662.5,-0.0127,0.6782
0x85c869234bec022516b2b01bcaca52a8af5480f8,0.6413605442176871,2,0,op_001,146.0,0.0,1.0,0.3424036281179138,1.0,1.0,0.3999999999999999,441,24,3.921215574656483,133,4,0.7,-36.26,3248.53,-0.0112,0.7438
0x9f208e85f326f865077fffa68b32d8b0e2bc12c3,0.6379688396811338,-1,0,op_001,146.0,0.0,1.0,0.395925597874225,1.0,1.0,0.28580000000000005,1129,24,6.792464054896869,155,9,0.6429,-40.4,18751.06,-0.0022,0.9238
0x2a25f7cbf3fc823e315c31602d2eccab85788055,0.6339359370751603,-1,0,op_001,146.0,0.0,1.0,0.27383958050106816,1.0,1.0,0.4286000000000001,5149,24,6.4384404704440685,132,22,0.7143,95.17,7969.72,0.0119,0.8887
0xb7539abf0079d0a23e2445260b7b9ab878720c39,0.6338744588744588,-1,0,,,0.0,0.9583333333333334,0.948051948051948,1.0,0.6666666666666666,0.0,77,23,1.4729691657025772,62,2,0.5,3.24,371.1,0.009,1.0
0x7c592216c70d0384c97d4b06ffe5318254f40c2c,0.6291666666666667,-1,1,,,0.0,0.375,0.6944444444444444,1.0,1.0,1.0,36,9,2.422746646410555,36,3,1.0,-6.05,212.94,-0.0395,0.9
0x0b6b6f253bb4ed301dc6b3831cbad11fd4fe280b,0.6228571631205675,-1,0,op_001,146.0,0.0,0.5416666666666666,0.8404255319148937,1.0,1.0,0.38460000000000005,188,13,2.5220013067008127,50,11,0.6923,3.13,838.7,0.0045,0.8645
0x764b305694b026c1acce7bf862c3b5456a146bad,0.622537262059974,2,0,op_001,146.0,0.0,1.0,0.44198174706649285,1.0,1.0,0.06240000000000001,767,24,3.945412810014386,163,5,0.5312,286.17,16925.2,0.017,0.9409
0xb7321756e00c7220ce016515fcd290530c9d6900,0.6216359908883827,2,0,op_001,146.0,0.0,1.0,0.31890660592255127,1.0,1.0,0.238,439,24,3.4350211931076022,137,4,0.619,103.0,3207.09,0.0321,0.7517
0x4560328f04f84c40f5e4f6030dc0150099fc8ce8,0.6198626799007445,2,0,op_001,146.0,0.0,1.0,0.3176178660049628,1.0,1.0,0.22219999999999995,403,24,3.582710660149144,126,4,0.6111,53.36,3199.97,0.0167,0.7146
0xfbd8c9c22ca76b3662d0e53a4f79719fdc684027,0.6178590082644628,-1,0,op_001,146.0,0.0,0.875,0.27479338842975204,1.0,1.0,0.5164,968,21,2.2328101041547193,73,22,0.7582,27.9,8495.68,0.0042,0.8532
0x5566b7c96220f4f40146a17bb25bcab6c0d37c29,0.6162914942528736,0,0,op_001,146.0,0.0,0.7083333333333334,0.735632183908046,1.0,1.0,0.14280000000000004,174,17,3.1770003726966176,102,6,0.5714,-5.67,911.81,-0.0066,0.8571
0xcb265e28e225e2490e1583c9588bda0a94290e22,0.6154209523809524,2,0,op_001,146.0,0.0,1.0,0.3492063492063492,1.0,1.0,0.13040000000000007,441,24,3.935223091682988,137,4,0.5652,-70.92,3087.99,-0.023,0.7234
0xb1556d9d1a734508178d15ba822e579901a7ca84,0.6132420091324202,-1,0,op_001,146.0,0.0,0.4583333333333333,0.6438356164383562,1.0,1.0,0.75,73,11,2.9999181846886556,28,11,0.875,22.87,80.56,0.3015,0.9344
0x16d45f55461a19bad90566bc658c5da5a4f1a868,0.6131408695652174,-1,0,op_001,146.0,0.0,1.0,0.18840579710144928,1.0,1.0,0.3488,1311,24,3.0637820892131034,233,15,0.6744,29.79,1010.28,0.03,0.8818
0xd1a63a243042d864520512fbdbd2fd20e0ab1507,0.6102168429890849,-1,0,op_001,146.0,0.0,1.0,0.16904561992723202,1.0,1.0,0.3486,3573,24,4.018667855941504,300,11,0.6743,77.83,20768.41,0.0038,0.8724
0xe54cc0e9b2127668de99d6c21f2f4d49d9582c69,0.6081989247311828,-1,1,,,0.0,0.9583333333333334,0.4435483870967742,1.0,1.0,0.0,124,23,3.3044405973453297,25,3,1.0,28.79,317.07,0.0953,0.5043
0x7e4bd2388cd26882dc57c9d943e7d63e35aeac6b,0.6049941176470589,2,0,op_001,146.0,0.0,1.0,0.31529411764705884,1.0,1.0,0.07699999999999996,425,24,3.3961019864657094,139,4,0.5385,69.9,2922.37,0.0239,0.7624
0x3cd4ab9ddd0bb67da7a7302c1de9c995471aea0e,0.6049238888888889,2,0,op_001,146.0,0.0,1.0,0.32175925925925924,1.0,1.0,0.06659999999999999,432,24,3.464549842681353,135,4,0.5333,32.9,3297.03,0.01,0.7384
0x13e0562f854cfa4f5e648a33f5dd490553587465,0.6033333333333334,-1,0,op_001,146.0,0.0,0.5416666666666666,0.8333333333333334,1.0,1.0,0.19999999999999996,66,13,3.3453068568469,23,11,0.6,-11.39,85.89,-0.1326,0.1364
0x36901eb0f21519cc9055662a6d2483e96da1e16f,0.6018188976377953,-1,0,op_001,146.0,0.0,1.0,0.15879265091863518,1.0,1.0,0.28,762,24,5.497101343582281,85,10,0.64,145.63,4592.46,0.0363,0.8585
0xcaaacd98457713a56808ce185db6dedb5860da37,0.6002375296912115,2,0,op_001,146.0,0.0,1.0,0.334916864608076,1.0,1.0,0.0,421,24,3.4626966759138496,141,4,0.4615,-46.47,2945.09,-0.0158,0.7268
0x52d7fa466a0fdcf9e5783c918fbc6dd073240ff9,0.5997695852534562,2,0,op_001,146.0,0.0,1.0,0.3317972350230415,1.0,1.0,0.0,434,24,3.761643734907907,138,4,0.4,-4.08,2928.49,-0.0014,0.7488
0xcca3a4297dc05fbd687156c68d177d3656407450,0.5973484848484849,1,1,,,0.0,0.7083333333333334,0.7045454545454546,1.0,1.0,0.0,44,17,2.7053207953819816,24,3,0.6667,83.69,444.32,0.1883,0.6591
0x1294e9789b14c70cd865eee40f607c195bf535bb,0.5956521739130435,-1,0,,,0.0,0.8333333333333334,0.5265700483091788,1.0,1.0,0.0,207,20,4.251027405322656,66,9,0.0,-2.86,202.32,-0.0141,0.913
0x82153db38bb419ab48a55cb0f471ed7ffb701279,0.5946650124069479,2,0,op_001,146.0,0.0,1.0,0.2977667493796526,1.0,1.0,0.0,403,24,3.4396076978362746,133,4,0.3571,-56.32,3235.32,-0.0174,0.737
0x2bf6d978cb16a721b53cfb97765b4388a19724f9,0.5933333333333334,1,1,,,0.0,0.9166666666666666,0.26666666666666666,1.0,1.0,0.19999999999999996,90,22,3.63451207656711,26,4,0.6,-25.44,181.4,-0.1907,0.3429
0x8506af3b16761252e4882fd2f156ad6291152a45,0.5908333333333333,1,1,,,0.0,0.7916666666666666,0.55,1.0,1.0,0.0,40,19,1.3494463964110124,23,3,0.2,6.94,979.13,0.008,0.5143
0xd9b5455d1ee240ce157787b87ff2e0a60f639db1,0.5892717117117118,-1,0,op_001,146.0,0.0,0.875,0.4114114114114114,1.0,1.0,0.025600000000000067,333,21,1.886343056685985,69,19,0.5128,-1.16,3266.3,-0.0004,0.9249
0xc1200dd35a85da9b9ba552582d6103dd3d39a7e3,0.5874579166666667,1,1,op_001,146.0,0.0,0.5833333333333334,0.346875,1.0,1.0,0.6876,320,14,2.6454467728548234,80,4,0.8438,117.15,4879.63,0.0246,0.655
0xf8dc8cd0fd55eccb5409ed99ed90a86bc7f0f31f,0.5858404887714663,-1,0,op_001,146.0,0.0,1.0,0.23893659180977542,1.0,1.0,0.0,6056,24,8.85794476527821,163,7,0.3612,-5068.73,27243.7,-0.1906,0.3393
0xf3295f11f9e278fb723855f4a1b404101fd07342,0.5853448275862069,1,0,,,0.0,0.875,0.40229885057471265,1.0,1.0,0.0,87,21,1.6833644955259082,77,3,0.3333,5.47,1427.14,0.0038,1.0
0xbccefeb43457808cd4bae72e00ae2eda27a965af,0.5848993288590605,-1,0,,,0.0,1.0,0.8993288590604027,1.0,0.3333333333333333,0.0,149,24,2.7989671642596354,41,1,1.0,18.92,735.93,0.0262,1.0
0x48a0b3a74a2b9a3bbe3fe00ffb79fef37538f156,0.5834388185654009,1,1,,,0.0,0.9583333333333334,0.27848101265822783,1.0,1.0,0.0,79,23,2.8781102616794465,25,3,0.5,5.32,591.63,0.009,0.5696
0x5d634050ad89f172afb340437ed3170eaa2c9075,0.5804517133956387,-1,0,,,0.0,0.7083333333333334,0.9252336448598131,1.0,0.6666666666666666,0.0,107,17,2.106420941499464,72,2,0.381,10.81,1036.83,0.0104,1.0
0x1ec507968f0302a6e257717bce3ed59fdc8b20e0,0.5789748387096775,1,1,,,0.0,0.625,0.12903225806451613,1.0,1.0,0.8462000000000001,62,15,2.0647791143014547,59,3,0.9231,20.71,4776.72,0.0043,0.9839
0xb2e42d29690b7b63335a03c0fd5e64df0681b7f1,0.5783400000000001,1,1,op_001,146.0,0.0,1.0,0.3,1.0,0.6666666666666666,0.3333999999999999,90,24,3.199546297158706,47,2,0.6667,13.7,543.22,0.0378,0.8571
0x6d1d304b6f43c339cfe3efe37d9f9b9e5153953b,0.5775294033412889,-1,0,op_001,146.0,0.0,0.75,0.29832935560859186,1.0,1.0,0.3278000000000001,838,18,4.40054139944826,76,11,0.6639,182.92,1135.3,0.1611,0.8998
0x2b5920274740ca61745eeb077587bf5bb4ff9db6,0.5774361807331629,-1,0,op_001,146.0,0.0,0.9583333333333334,0.10059676044330776,1.0,1.0,0.2068000000000001,1173,23,4.3274721311940985,181,11,0.6034,64.15,7827.51,0.0082,0.8065
0x139e054b6d98dbedb2043e3e799db551350ba5de,0.5748850574712644,1,1,op_010,4.0,0.0,0.9166666666666666,0.1103448275862069,1.0,1.0,0.25,145,22,3.1357094456357313,43,7,0.625,101.54,633.49,0.1643,0.4161
0x4dabc0042f73d6f137dcb5d40e68a3c58c73e426,0.5743808771929825,1,1,,,0.0,0.9583333333333334,0.03289473684210526,1.0,0.6666666666666666,0.7778,152,23,3.0759568850214416,51,2,0.8889,146.68,2654.17,0.064,1.0
0x012eb2ff2af7009a2596dc529da95fd8dda07a33,0.5726190476190477,-1,1,,,0.0,0.7083333333333334,0.5396825396825397,1.0,1.0,0.0,63,17,1.3434186574604534,48,4,1.0,-6.6,307.01,-0.0216,0.5323
0x43599aae58c80228428bbae005ed6bb748470763,0.5721505376344086,-1,1,,,0.0,0.3333333333333333,0.9032258064516129,1.0,1.0,0.19999999999999996,31,8,0.9156337920210844,31,3,0.6,-4.76,34.76,-0.1369,0.1935
0xfd8e46519d0a8f9c35e5010ef4e7f56f7583aea4,0.5712215320910973,-1,1,,,0.0,0.4166666666666667,0.9192546583850931,1.0,1.0,0.0,161,10,3.380161001682704,20,4,1.0,51.23,1194.66,0.0443,0.2774
0xc3ee8ff945a330ca4d4fe24d6079dd3f6fae31ae,0.569620253164557,1,1,,,0.0,0.875,0.2974683544303797,1.0,1.0,0.0,158,21,2.804682822524785,33,4,0.4762,11.2,3258.47,0.0034,0.7152
0xf9f0974bf813c066c0522e9cea04702fb9100a1b,0.5694444444444444,-1,0,op_001,146.0,0.0,0.375,0.9629629629629629,1.0,1.0,0.0,162,9,5.201202046170585,22,8,,4.34,676.64,0.0064,0.8457
0x1abc2b469b5ded495d6c8b21fc79dcb8d8f345e7,0.5692784397163121,1,1,op_001,146.0,0.0,0.9166666666666666,0.2872340425531915,1.0,0.6666666666666666,0.4286000000000001,94,22,3.3157687223723618,44,2,0.7143,1.34,497.36,0.004,0.7656
0x8f514910c5e1f2ce541d01d8bbd8e9bea9638b09,0.5681421985815603,1,1,op_001,146.0,0.0,0.8333333333333334,0.061170212765957445,1.0,1.0,0.42300000000000004,376,20,4.969111625410003,17,3,0.7115,-186.58,769.12,-0.2426,0.4441
0x005ed998fcb786679eb8bfd0d20c15c0903d6d8e,0.5664960283687944,1,1,op_001,146.0,0.0,0.9583333333333334,0.2765957446808511,1.0,0.6666666666666666,0.3333999999999999,94,23,3.279973581676185,48,2,0.6667,-22.63,536.44,-0.0621,0.7164
0x1643038efde95846b92b008e2efedca553296ec8,0.5662280701754386,1,1,op_001,146.0,0.0,0.6666666666666666,0.5526315789473685,1.0,1.0,0.0,38,16,1.8021963781683643,36,3,0.2,-5.12,119.21,-0.043,0.7105
0x3a2c067d262e5b2b2100251359e4c7b877283d80,0.5648854961832062,1,1,,,0.0,1.0,0.09923664122137404,1.0,1.0,0.0,262,24,2.986275575645777,38,3,0.5,1.85,1309.81,0.0016,0.5593
0x008e73a7f27910320ba89389c29b5c9a9a08f878,0.5646586345381527,1,1,,,0.0,0.9166666666666666,0.5421686746987951,1.0,0.6666666666666666,0.0,83,22,3.551588143166985,36,2,0.1429,-14.5,215.46,-0.0893,0.4918
0x9b129ad05bc0a8df3c73dfcc66fe75252daec2d5,0.5645238095238095,1,1,op_001,146.0,0.0,0.9583333333333334,0.2857142857142857,1.0,0.6666666666666666,0.30000000000000004,98,23,3.483921909025906,47,2,0.65,-2.58,562.77,-0.0066,0.7397
0xae47c8cd489f99c7d870086b90d0b7e45134638d,0.5637987012987014,1,1,op_001,146.0,0.0,0.75,0.4253246753246753,1.0,1.0,0.0,308,18,3.712584334596428,32,4,0.0,-188.79,1952.48,-0.0967,0.8019
0x49c4a535912cfec7e90b33672771a7d6ba98db5b,0.5618915151515151,1,1,,,0.0,0.875,0.10101010101010101,1.0,1.0,0.21740000000000004,99,21,1.6672516178455805,49,3,0.6087,-146.89,726.0,-0.2147,0.4043
0x95fe24d3463ff9a7515a230d141aa622ad0f8c71,0.561326860841424,1,1,,,0.0,0.9583333333333334,0.13106796116504854,1.0,1.0,0.0,206,23,4.017498369893957,29,3,,-5.46,1892.8,-0.0029,0.5631
0x138525dd9a8be9fa45cbb7a57f16f359bf93e96a,0.5607798639455782,1,1,op_003,15.0,0.0,0.4166666666666667,0.7755102040816326,1.0,1.0,0.11119999999999997,49,10,3.3326671192310102,14,3,0.5556,-19.27,224.62,-0.0916,0.8043
0xb5327f848d8020e0b72b583cb18f7c67df768577,0.560632183908046,1,1,op_003,15.0,0.0,0.4583333333333333,0.7931034482758621,1.0,1.0,0.0,58,11,3.6644157122553485,16,3,0.4444,1.28,270.89,0.005,0.8545
0x2490775a0d048b1fce6b97b5ddd3c675f0dbca58,0.5583333333333333,1,1,op_003,15.0,0.0,0.4583333333333333,0.7777777777777778,1.0,0.6666666666666666,0.5,72,11,3.155701968073676,16,2,0.75,-21.58,317.63,-0.068,0.7639
0x0fa4d83b9ad2ef85f8d409cf28b3775941eaf4ea,0.557608695652174,-1,0,,,0.0,0.875,0.21739130434782608,1.0,1.0,0.0,115,21,1.9575228051137983,90,7,0.5,46.19,2018.6,0.0233,1.0
0x97f1d27ee42ae11c1e1505419e35c35728cfa523,0.5555045871559633,1,1,op_007,3.0,0.0,1.0,0.03669724770642202,1.0,1.0,0.0,109,24,2.609886833017408,27,3,,-16.45,117.71,-0.1418,0.5093
0xd28021317c1be36239e8d930dee7d6c3a40082b3,0.5531109677419355,1,1,op_004,4.0,0.0,0.5,0.22580645161290322,1.0,1.0,0.6923999999999999,31,12,1.0673658293311528,28,4,0.8462,69.27,39613.56,0.0017,1.0
0x8b8b9c565c8dca43cfb767f0f2c20b2b323d2512,0.5518177011494253,1,1,op_001,146.0,0.0,0.9583333333333334,0.25287356321839083,1.0,0.6666666666666666,0.22219999999999995,87,23,3.2764271742606645,45,2,0.6111,21.36,466.62,0.0662,0.7231
0x1fe9a66192e390c555350f42a07fd9fb935269b8,0.5510416666666667,-1,0,,,0.0,0.9583333333333334,0.7291666666666666,1.0,0.3333333333333333,0.0,48,23,1.3605702256769048,48,1,1.0,1.03,93.12,0.0118,1.0
0x4e72c22cd76f9973a48aedfd79feeaacc8b7ffb9,0.5503902310231024,1,1,op_001,146.0,0.0,0.9583333333333334,0.2376237623762376,1.0,0.6666666666666666,0.2307999999999999,101,23,3.4832970983597686,44,2,0.6154,-26.57,543.28,-0.0651,0.6933
0x0c8f56115a950cc63c8bdea0b85afdf5b4775846,0.5472222222222223,1,1,op_008,3.0,0.0,0.9583333333333334,0.037037037037037035,1.0,1.0,0.0,81,23,1.1941353187794455,11,3,,-3.04,63.64,-0.0477,0.4815
0x27a757eaad293e0ad8ef5d9eabf68cfbf8349525,0.5471739130434783,1,1,,,0.0,0.875,0.14782608695652175,1.0,1.0,0.0,115,21,3.2741115075860496,70,4,0.4286,-10.15,181.7,-0.0629,0.7419
0x5c5ce6ebeccab8fb077cdac602bb8102673b81a3,0.5463725490196079,1,1,op_003,15.0,0.0,0.4583333333333333,0.7647058823529411,1.0,0.6666666666666666,0.3999999999999999,68,11,3.0565903633756135,16,2,0.7,-23.9,304.46,-0.0785,0.7647
0x2250d40930b11eacbdf5085c3fa24f1ee27d4cd7,0.5460010852713179,1,1,op_003,15.0,0.0,0.4583333333333333,0.6511627906976745,1.0,1.0,0.06659999999999999,86,11,4.4742768770027475,17,3,0.5333,-24.57,338.77,-0.0765,0.7439
0x931fb2b09387d2bce99ea1e595302f2283ec2e44,0.5458266666666667,1,1,,,0.0,0.4166666666666667,0.6388888888888888,1.0,0.6666666666666666,0.6666000000000001,36,10,2.548867954508417,22,2,0.8333,5.4,485.3,0.0111,0.9722
0x02b6bc4f22fe74202794be043e2176e506a3e113,0.5454545454545455,1,1,,,0.0,0.75,0.30303030303030304,1.0,1.0,0.0,66,18,2.62050172895469,22,3,0.0,1.43,90.21,0.0159,0.9091
0x8a87f44094432e0b24db5b6594aaf04581088bc4,0.5453196347031963,1,1,,,0.0,0.7916666666666666,0.2465753424657534,1.0,1.0,0.0,73,19,2.6999405237788654,18,3,0.0,2.47,207.98,0.0131,0.3571
0xc5187cb669690150643ba2f9aac6b7d98d212594,0.5452466666666667,1,1,op_001,146.0,0.0,0.625,0.17777777777777778,1.0,1.0,0.43579999999999997,135,15,2.963484987129388,35,7,0.7179,79.96,3179.57,0.0255,0.9624
0x88275bb9e312126d1ddb727782dc35d03a155d62,0.5449313725490197,1,1,,,0.0,0.9583333333333334,0.061764705882352944,1.0,0.6666666666666666,0.43999999999999995,680,23,5.209123478621977,56,2,0.72,412.61,4886.15,0.0852,0.5149
0xf0216a17a6065e18c79d37d9b5f89d6911b6245e,0.5448506289308176,1,1,op_001,146.0,0.0,0.9583333333333334,0.02122641509433962,1.0,1.0,0.0,424,23,4.015521643611362,46,4,,-27.48,934.26,-0.0294,0.8278
0x3334dca4db8462835cbd2a0ab703968774ff69b0,0.5447916666666667,1,1,,,0.0,0.7083333333333334,0.3541666666666667,1.0,1.0,0.0,96,17,4.902126938552717,20,3,,-28.84,541.15,-0.0611,0.4535
0x40b034bef9cd8bee5416bff747fe3cf6c8fbf139,0.5447695035460993,-1,0,op_001,146.0,0.0,0.2916666666666667,0.9095744680851063,1.0,1.0,0.0,188,7,2.7344406681662368,28,11,,9.87,180.13,0.0548,0.1383
0x6409f8437dface31bb614f35c0220c2530b39411,0.5446868008948547,1,1,,,0.0,0.9583333333333334,0.020134228187919462,1.0,1.0,0.0,149,23,2.947134755787109,71,3,0.5,-91.69,901.4,-0.1153,0.5035
0x142541b4dd8ac5e793e01c06e683035df3f8d60d,0.5422549019607843,1,0,,,0.0,0.5833333333333334,0.6705882352941176,1.0,0.6666666666666666,0.25,85,14,2.2985436260712184,80,2,0.625,8.43,21.88,0.385,0.9294
0x535402cc4d1976d50dde29cebece700019eb625f,0.5414634146341464,1,1,,,0.0,0.75,0.6097560975609756,1.0,0.6666666666666666,0.0,41,18,2.7460184254126343,29,2,0.6667,16.02,69.33,0.2792,0.4242
0x15ceffed7bf820cd2d90f90ea24ae9909f5cd5fa,0.5414250340136054,1,1,op_004,4.0,0.0,0.4583333333333333,0.30612244897959184,1.0,1.0,0.5384,49,11,2.1211849522695716,32,8,0.7692,77.58,21406.25,0.0036,0.8367
0x2c663a8910473f02e25bd12cd81311dd322cf4d3,0.5408974358974359,1,1,,,0.0,0.9583333333333334,0.1282051282051282,1.0,0.6666666666666666,0.30000000000000004,78,23,3.751240890319513,54,2,0.65,-622.81,723.81,-0.8605,0.0128
0x3653235d75a0d5969c42f7514d4df8ea5f8cef74,0.5389492753623188,1,1,op_001,146.0,0.0,0.9583333333333334,0.31521739130434784,1.0,0.6666666666666666,0.0,92,23,3.2544701595264445,45,2,0.3158,-0.18,519.17,-0.0005,0.7143
0x0e04a24c5ea5191b2f34dce4d256a114b2d23475,0.5371428571428571,-1,1,,,0.0,0.25,0.7142857142857143,1.0,0.6666666666666666,0.8,35,6,3.5624053971480665,20,2,0.9,-21.83,121.39,-0.1799,0.5714
0x906f2454a777600aea6c506247566decef82371a,0.5367732558139535,1,1,op_001,146.0,0.0,0.875,0.07848837209302326,1.0,1.0,0.0,344,21,4.274470542124664,55,3,0.0,-163.19,5536.44,-0.0295,0.811
0x11c5fb3a52f32280c53dea9c2675ba48b2be70e3,0.5366666666666666,1,1,op_003,15.0,0.0,0.4583333333333333,0.7,1.0,0.6666666666666666,0.3999999999999999,70,11,2.823236879481258,16,2,0.7,-24.71,308.9,-0.08,0.7286
0x510f4963b66b1b18505faab74b0bb943d1dda43c,0.5362162162162163,1,1,,,0.0,1.0,0.10810810810810811,1.0,0.6666666666666666,0.19999999999999996,148,24,2.257829686078148,63,2,0.6,-61.58,921.52,-0.0676,0.5724
0xb345e5a823ec9f1583f49f84942ac95efc77557a,0.5358649789029536,-1,1,,,0.0,0.4166666666666667,0.6835443037974683,1.0,1.0,0.0,79,10,2.029525069792104,79,4,,0.33,118.04,0.0031,0.9861
0xb664b417617e5b0f9738ddc471b1ccaaf450b752,0.5338333333333334,1,1,,,0.0,0.9166666666666666,0.07,1.0,0.6666666666666666,0.3999999999999999,100,22,3.0383909229563604,23,2,0.7,-66.75,299.15,-0.3034,0.2381
0x5cef924fce456e93f9c855afb3c3c83c5e9c2c1d,0.5336642599277979,-1,0,,,0.0,1.0,0.5577617328519856,1.0,0.3333333333333333,0.0,554,24,6.120415283304796,59,1,0.0769,20.45,7912.47,0.0026,1.0
0xf3ac964596f56a91696d84b0cf01368a020af23d,0.5336021505376345,1,1,op_009,5.0,0.0,0.8333333333333334,0.11290322580645161,1.0,1.0,0.0,62,20,2.6080251720484644,21,7,0.3333,-133.3,1220.28,-0.1266,0.2364
0x9b72b3c4a2ec8ec1b6467ee593ad3b910b17a958,0.5333333333333333,1,1,,,0.0,0.8333333333333334,0.1111111111111111,1.0,1.0,0.0,144,20,3.1192142192867807,36,3,0.1053,66.86,1156.8,0.0618,0.4179
0x85f8992347d9e39f77234cc44fb68d6eab68d760,0.5333333333333333,-1,1,,,0.0,0.16666666666666666,1.0,1.0,1.0,0.0,32,4,3.213707886001091,22,8,,0.62,20.62,0.03,0.875
0x823a660bd83c1f8468658638fa06a87d921961ab,0.5326241134751774,1,1,,,0.0,0.8333333333333334,0.10638297872340426,1.0,1.0,0.0,47,20,1.2125878079610217,44,3,0.5,-45.17,212.69,-0.2385,0.4186
0x01f2a8baabe17c2541d1e3091220991f257ac3de,0.5322314049586777,1,1,,,0.0,1.0,0.21487603305785125,1.0,0.6666666666666666,0.0,242,24,3.3503642188041445,41,2,0.48,49.71,1272.86,0.0391,0.5579
0x0957bf4725f6d0c62428f356d40d5cf7eeb977e8,0.5313915857605178,-1,1,op_001,146.0,0.0,0.16666666666666666,0.32038834951456313,1.0,1.0,1.0,103,4,5.955482777631532,10,12,1.0,69.25,1910.57,0.0419,0.9462
0x7b47cc99fa4d478de0c26489a6771aaf7fa9902d,0.5313725490196078,-1,1,,,0.0,0.3333333333333333,0.7647058823529411,1.0,1.0,0.0,119,8,3.898177560850928,15,3,0.0,1.37,1223.4,0.0011,0.9832
0xd43ea3546a44326ec77faf1c51bf86b729ed3604,0.5303990610328639,1,1,,,0.0,0.8333333333333334,0.09154929577464789,1.0,1.0,0.0,142,20,2.420645307225897,60,5,0.4828,179.21,1242.35,0.1459,0.5035
0x376a5fd4c4941280fbf511489558e9b7de31d270,0.5294326241134752,1,1,op_004,4.0,0.0,0.4583333333333333,0.0851063829787234,1.0,1.0,0.75,47,11,1.4634504283710266,28,4,0.875,140.83,27147.55,0.0052,0.9362
0xc23839002c2de8d2995fe6307a9cc571212b68ea,0.5291666666666667,1,1,,,0.0,0.8333333333333334,0.08333333333333333,1.0,0.3333333333333333,1.0,48,20,2.797217700442374,14,1,1.0,14.95,118.09,0.1591,0.5263
0x8a62eeb8d249f85256ff167786e918cb687dace3,0.52890625,1,1,,,0.0,0.875,0.359375,1.0,0.6666666666666666,0.0,64,21,1.8899130470160486,38,2,0.4,-5.48,889.43,-0.0062,0.7031
0xe867074d9c47932c34bf3c3dd136ee0c31674e6e,0.5288759689922481,1,1,op_009,5.0,0.0,0.8333333333333334,0.08139534883720931,1.0,1.0,0.0,86,20,3.2116193482165976,17,7,0.4,-116.61,4293.34,-0.0272,0.4302
0x87a29e38e6a33b3b6539a4e3d3f782b229382250,0.5285714285714286,1,1,op_001,146.0,0.0,0.5,0.8571428571428571,1.0,0.6666666666666666,0.0,84,12,2.952941916597731,23,2,,-47.49,386.65,-0.1228,0.7143
0x341cc1461facb0b4757e847f66c101441c05835a,0.5277777777777778,1,1,,,0.0,0.8333333333333334,0.07407407407407407,1.0,1.0,0.0,54,20,2.27461104380689,14,4,,-6.48,54.13,-0.1198,0.1667
0xec86a2d3f69015b1a9382e4dfa8695e1b48760e4,0.527542372881356,-1,1,op_010,4.0,0.0,0.875,0.01694915254237288,1.0,1.0,0.0,590,21,5.793297434259222,90,4,0.0,956.93,15644.78,0.0687,0.783
0x4c04eaac27adced33ee94ba542fadb3475b47dca,0.5272727272727272,1,1,,,0.0,0.625,0.6818181818181818,1.0,0.6666666666666666,0.0,44,15,1.27767080030321,33,2,0.4375,0.65,698.61,0.0009,0.2045
0x96fcac030966c6939b7e7484d93393b425df721b,0.5270833333333333,1,1,,,0.0,0.6666666666666666,0.625,1.0,0.6666666666666666,0.0,32,16,1.9813515782777862,17,2,,9.56,279.1,0.0368,0.9333
0xb9033854e54310cca8a22368d16ed53cdfbea41b,0.5264204545454546,1,1,,,0.0,1.0,0.17613636363636365,1.0,0.6666666666666666,0.0,176,24,3.155817135136662,34,2,0.3571,-40.56,766.57,-0.0547,0.5029
0x8aa29c27241b6909a7c4d6cb4f400267aa215a0b,0.5253505516549649,1,1,op_001,146.0,0.0,0.875,0.1123370110330993,1.0,0.6666666666666666,0.33499999999999996,997,21,5.2148880523304815,67,2,0.6675,-1866.99,11291.34,-0.1853,0.4513
0x986b121c40e715167dde178b8520bf132a57bdc6,0.5252192982456141,1,1,,,0.0,0.7083333333333334,0.2236842105263158,1.0,1.0,0.0,76,17,3.179455487128978,13,3,0.1429,52.12,7926.23,0.0067,0.9437
0x6189043bcc370edec3a500cb3d3739e7a5e2d6eb,0.5247758158995817,-1,1,op_001,146.0,0.0,0.5,0.39330543933054396,1.0,1.0,0.15779999999999994,239,12,4.619845902904244,41,10,0.5789,-52.79,1937.35,-0.0272,0.8536
0x527aaf05e169870cc2f8711b46c026bce78d6ce2,0.5247619047619048,1,1,,,0.0,0.6666666666666666,0.9428571428571428,1.0,0.3333333333333333,0.0,35,16,1.7763998614432626,20,1,,0.98,171.79,0.0057,0.8571
0x0484bf76425db5021ce2d369f78fc125906d4830,0.5229582495344507,1,1,,,0.0,0.7916666666666666,0.04189944134078212,1.0,1.0,0.08339999999999992,358,19,3.2742264902358404,49,3,0.5417,160.54,906.78,0.1873,0.4713
0x3f2674c45286be3047745f55aeddab386815abba,0.5222222222222223,1,1,,,0.0,0.5,0.14814814814814814,1.0,1.0,0.5,54,12,2.3344216038392998,40,6,0.75,45.56,487.08,0.0935,0.7963
0xbea27ecca9ec8a3d8e904a2dc8acb60b3a922d33,0.5220833333333335,-1,1,op_001,146.0,0.0,0.16666666666666666,0.525,1.0,1.0,0.6000000000000001,40,4,1.777978501320575,21,9,0.8,1.14,229.86,0.005,0.9
0xe2be51cc4ff06cea203113cdc3b2c2722556ff33,0.5212851405622491,1,1,,,0.0,0.9166666666666666,0.25301204819277107,1.0,0.6666666666666666,0.0,83,22,3.3322282065232636,21,2,0.25,146.85,967.54,0.1763,0.8
0xaa2873c371b71d36d31ea67be7e8be97c072090b,0.5211152882205513,-1,1,,,0.0,0.2916666666666667,0.41854636591478694,1.0,0.6666666666666666,1.0,798,7,13.117527976120714,11,2,1.0,-169.11,18.87,-9.0308,0.7408
0xbc29b9e3a4c89d55c8a0629008ccaece830eb3b6,0.5206140350877193,1,1,op_003,15.0,0.0,0.4583333333333333,0.8596491228070176,1.0,0.3333333333333333,0.5,57,11,2.5182131802458834,16,1,0.75,-21.47,244.92,-0.0877,0.8421
0xb00bcf31e5487e30d2d785c4db7d68660360e0aa,0.5203448275862069,1,1,,,0.0,0.75,0.06896551724137931,1.0,0.6666666666666666,0.6000000000000001,58,18,2.1980422026022857,37,2,0.8,-12.32,56.87,-0.2166,0.6034
0x0d16879780c9a5b58d53effa65fa126e4c1c064f,0.5201086956521739,-1,0,op_001,146.0,0.0,0.625,0.3007246376811594,1.0,1.0,0.0,276,15,2.8195928450825134,64,14,,-5.03,2012.04,-0.0025,0.8949
0x68540c38878781e28add4857f7574802ddcd67d0,0.5198933333333334,1,1,op_001,146.0,0.0,0.5416666666666666,0.04,1.0,1.0,0.5556000000000001,200,13,2.8194437584407894,71,4,0.7778,100.46,1131.14,0.0948,0.7277
0x014683e4b59c61ab39f896f419525007f26f7390,0.5180107526881721,1,1,,,0.0,0.6666666666666666,0.06451612903225806,1.0,1.0,0.25,62,16,1.2127313792703103,62,4,0.625,1.39,81.67,0.0211,1.0
0x640590cbc1a004647f5a8f7f1b2fb46fcb2b7d19,0.5178571428571429,-1,1,,,0.0,0.625,0.2857142857142857,1.0,1.0,0.0,161,15,2.936634877558809,107,5,0.2857,40.06,5260.72,0.0076,1.0
0xff744e88501636a5562e56f0726c8fc649ef5de4,0.5178362573099415,2,0,,,0.0,0.8333333333333334,0.007797270955165692,1.0,1.0,0.0,513,20,2.5916421733400994,133,4,,130.93,597.64,0.2287,0.1897
0x502c6e83ed52c6399b2e862195b056bbcae83c63,0.5176470588235295,1,1,,,0.0,0.5,0.45098039215686275,1.0,1.0,0.0,51,12,1.5019254607583221,44,4,,-5.31,82.34,-0.0786,0.8049
0xc7d02944a76b9f83b199e9090ecc92c82d241f8a,0.5173389137380192,1,1,,,0.0,1.0,0.0878594249201278,1.0,0.6666666666666666,0.04160000000000008,626,24,4.7937067576634425,77,2,0.5208,-126.32,2824.08,-0.0501,0.3455
0xf5dc834a9a821c6d3f842f53ac608ecd4afedec3,0.5147619047619048,1,1,,,0.0,0.7916666666666666,0.04285714285714286,1.0,1.0,0.0,70,19,2.0595777146654664,49,3,,18.19,727.58,0.025,0.8429
0xa8cd5becc42d67ebb1988207761a81b1379f0d51,0.5140625,1,1,op_001,146.0,0.0,0.25,0.09375,1.0,1.0,1.0,32,6,2.550547380036908,15,3,1.0,4.19,147.03,0.0285,0.7188
0x27066a9484c2a7ad5a0c6f85cdc778234985c6be,0.5136363636363637,1,1,,,0.0,0.9166666666666666,0.20202020202020202,1.0,0.6666666666666666,0.0,99,22,1.7942955863439454,43,2,0.0,-0.08,313.34,-0.0003,0.6701
0xb06a0eae498750ed0acac7e1f759f741c56e52f5,0.5135864008179959,-1,0,op_001,146.0,0.0,0.6666666666666666,0.20168711656441718,1.0,1.0,0.0,1304,16,3.1369321022135526,191,15,0.3085,59.46,2613.53,0.023,0.1091
0x1bbeb33c6f4fe8cbc6ba865ae88b60e72cfd7b5c,0.5135416666666667,-1,1,,,0.0,0.5833333333333334,0.9791666666666666,1.0,0.3333333333333333,0.0,48,14,1.2723260041192908,36,1,0.5,1.65,232.55,0.0071,0.9375
0x6136542d192313812347c693ee7d5be31ebe64f8,0.5134328358208956,1,1,,,0.0,0.75,0.08955223880597014,1.0,1.0,0.0,67,18,2.059037770001069,17,4,,12.27,69.78,0.1758,0.3731
0xf0b0ef1d6320c6be896b4c9c54dd74407e7f8cab,0.513375796178344,1,1,,,0.0,1.0,0.08917197452229299,1.0,0.6666666666666666,0.0,157,24,3.8249707428184574,27,2,,-216.55,946.24,-0.2289,0.3694
0xc34f6b088bb9172625ee1ea2ee8da9ac4f037d2e,0.5133418422796554,-1,0,op_001,146.0,0.0,0.7916666666666666,0.3349900596421471,1.0,0.6666666666666666,0.04760000000000009,1006,19,5.719572546204602,107,2,0.5238,24.42,5950.05,0.0043,0.5668
0x5a1a32ec6c0b2896a4e9e3d7a48098ec88e92983,0.512913486005089,1,1,op_001,146.0,0.0,0.7916666666666666,0.030534351145038167,1.0,1.0,0.0,131,19,2.747546986879698,67,3,0.0,-8.47,254.71,-0.0333,0.8397
0xb40e89677d59665d5188541ad860450a6e2a7cc9,0.5123983739837399,1,1,op_001,146.0,0.0,0.9583333333333334,0.13821138211382114,1.0,0.6666666666666666,0.0,123,23,2.0933230226818806,59,2,0.3214,-102.74,717.41,-0.1432,0.4472
0x53d395d95538d7b0a6346770378c79001e2360ee,0.5123188405797102,1,1,,,0.0,0.5833333333333334,0.30434782608695654,1.0,1.0,0.0,69,14,1.3579954583558485,65,4,0.3846,12.99,1508.8,0.0089,0.9846
0xe7fccdd4ec09e5f6204cf91e542877b23d591c16,0.5122549019607844,-1,1,,,0.0,0.7083333333333334,0.47058823529411764,1.0,0.6666666666666666,0.0,34,17,1.2369989486667583,34,2,1.0,3.6,882.4,0.0042,0.7576
0xb3ebf9f2d72968b7faa8e4baeea955638b83b529,0.5114583333333333,1,1,,,0.0,0.9166666666666666,0.1875,1.0,0.6666666666666666,0.0,240,22,3.29076121704267,52,2,0.3077,77.65,3575.9,0.0218,0.9064
0x1f85eb9c455c5bdef5d96c2739076678c7157b02,0.5112550877192983,1,1,op_001,146.0,0.0,0.9583333333333334,0.3157894736842105,1.0,0.3333333333333333,0.22219999999999995,95,23,3.369628551548208,46,1,0.6111,14.02,465.18,0.0473,0.7015
0x8bbc4005e13f2d0599bccb8938890d6f09f01d9e,0.5101809954751132,1,1,,,0.0,0.75,0.06787330316742081,1.0,1.0,0.0,221,18,2.895360093566204,58,4,1.0,417.91,19062.54,0.0242,0.995
0xe58be2d369c34769a004864a2972d9540cce3980,0.5101364227642277,1,1,,,0.0,0.7083333333333334,0.17073170731707318,1.0,0.6666666666666666,0.4286000000000001,41,17,3.4255013278069897,24,2,0.7143,2.3,457.73,0.006,0.3784
0xce058f2990c4f796790a963e93ac0eee055bff90,0.5101282051282052,1,1,,,0.0,0.7083333333333334,0.12307692307692308,1.0,1.0,0.0,65,17,2.382144959273835,35,3,0.4667,16.25,533.3,0.0313,0.5156
0xc80fa1fc5740dec6b05201ec02f9cfaf649d6147,0.5098484848484849,-1,0,op_001,146.0,0.0,0.7083333333333334,0.12121212121212122,1.0,1.0,0.0,264,17,3.1023721527827015,129,10,0.3571,-99.17,978.77,-0.1022,0.1608
0xb6922543a5344586009ca5f0da17ae035fa37c83,0.5098039215686274,1,1,,,0.0,0.9166666666666666,0.17647058823529413,1.0,0.6666666666666666,0.0,68,22,1.3160613118254776,57,2,0.2857,51.31,5880.78,0.0088,0.7576
0x608a70b89dccf0baa39f2502df48350e2e92966b,0.5091430303030303,1,1,op_001,146.0,0.0,0.20833333333333334,0.42424242424242425,1.0,1.0,0.5384,33,5,2.9943922278751143,15,6,0.7692,0.03,155.17,0.005,1.0
0x4507bda8b70bea069d7a2140403e2356baeeb272,0.5083333333333333,-1,1,,,0.0,0.2916666666666667,1.0,1.0,0.6666666666666666,0.0,36,7,1.9187888725083955,16,2,,5.79,135.61,0.0427,0.7778
0x746db52d74ef54b1835222172452ec6b773d2db5,0.5080952380952382,1,1,,,0.0,0.9583333333333334,0.44285714285714284,1.0,0.3333333333333333,0.0,70,23,1.4220806337039575,51,1,0.3333,-20.22,568.1,-0.0382,0.5758
0x21e50ca20d877c81e368f985021b59f48140b7e9,0.5080552760102447,1,1,,,0.14633698611182933,0.4166666666666667,0.30303030303030304,1.0,1.0,0.0,33,10,0.5121978083329024,26,3,0.0909,6.38,759.35,0.0087,1.0
0xbc6001cc24e6f715a77e2b19cca1eba5bf13c377,0.5078947368421053,1,1,,,0.0,0.75,0.05263157894736842,1.0,1.0,0.0,57,18,1.8986040181429036,16,4,,-100.23,1040.72,-0.0963,0.4386
0x2232022e7e5688bfcdad800a16c351364863dcd2,0.5061643835616438,1,1,op_001,146.0,0.0,0.75,0.0410958904109589,1.0,1.0,0.0,146,18,3.4587897280593825,18,3,0.4091,3.95,309.49,0.0135,0.6103
0x774728ed9264a5ca242e8bd7952a869df318fe40,0.5059438095238096,-1,1,op_001,146.0,0.0,0.20833333333333334,0.2857142857142857,1.0,1.0,0.7142,63,5,2.590524176539306,36,11,0.8571,0.22,233.77,0.0009,0.8254
0x496f76bd5cf4c2819c710ae90ed1c84b2dc6fa5d,0.5042861695347355,1,1,,,0.0,0.9583333333333334,0.0841300191204589,1.0,0.6666666666666666,0.0,523,23,5.056713566037631,33,2,,70.43,858.22,0.0855,0.4882
0x6400219cccc8eaaa22729253111fd6660d20331a,0.5040404040404041,1,1,,,0.0,1.0,0.026936026936026935,1.0,0.6666666666666666,0.0,297,24,3.5987147311388297,50,2,0.1892,132.23,12939.52,0.0105,0.669
0xa1d944df338640999fc46fc5ace3ddda1c5b5e99,0.5033920833333333,1,1,,,0.0,0.7916666666666666,0.078125,1.0,0.6666666666666666,0.3333999999999999,64,19,1.631362856634224,33,2,0.6667,-8.74,97.16,-0.09,0.4375
0x3dc44175ae2d0175ee7bc76cd9ec04b614a91fd8,0.5029947916666667,-1,1,op_001,146.0,0.0,0.20833333333333334,0.7421875,1.0,1.0,0.0,128,5,3.3797291782141445,50,10,0.3077,7.92,65.19,0.1215,0.1094
0x942d10b74b0e2967b718bf8c6bde68ba7b90278e,0.5026422764227643,1,1,op_007,3.0,0.0,0.9583333333333334,0.07317073170731707,1.0,0.6666666666666666,0.0,164,23,3.7335228852678597,33,2,,-142.38,604.04,-0.2357,0.3415
0x7cab22740c5270d3802df6a9a5b92e1f3fd27ff6,0.5026422764227643,1,1,,,0.0,0.9583333333333334,0.07317073170731707,1.0,0.6666666666666666,0.0,82,23,1.2417663319398413,50,2,0.1538,-14.91,213.53,-0.0718,0.425
0x84b9b4adbe48a19fb3b13dd3b52af19606937f7f,0.5025773195876289,1,1,op_001,146.0,0.0,0.5,0.35051546391752575,1.0,1.0,0.0,97,12,3.0022880419010365,34,8,0.2857,14.68,385.05,0.0381,0.567
0x9d39edda1fab7e569111e1f5be4d55d4a5dd099a,0.5019304761904761,1,1,,,0.0,0.5416666666666666,0.03571428571428571,1.0,0.6666666666666666,0.8824000000000001,56,13,2.0628987999684782,36,2,0.9412,81.51,403.75,0.2019,0.6607
0x04b3f873b003eba3774df1e5e47a370d27ee1b7e,0.5015151515151516,1,1,op_001,146.0,0.0,0.6666666666666666,0.12121212121212122,1.0,1.0,0.0,66,16,1.7241538992589323,40,8,0.0,-12.99,419.85,-0.0309,0.7576
0xf908db19d44282867f39934bf5460d15aa7a6718,0.5013440860215054,1,1,,,0.0,0.7083333333333334,0.06451612903225806,1.0,1.0,0.0,62,17,2.1793533161805403,17,3,0.0,-12.66,934.74,-0.0135,0.4355
0x2b9582ae179664d7d792666467a77d1af101898a,0.5007387387387388,1,1,op_001,146.0,0.0,0.9166666666666666,0.036036036036036036,1.0,0.6666666666666666,0.1200000000000001,111,22,1.7041555298376625,51,2,0.56,-91.56,929.84,-0.1026,0.5849
0x5046a24f595a3743e1e29a041ba4a515383f7676,0.4999262536873157,-1,1,,,0.0,0.2916666666666667,0.6106194690265486,1.0,1.0,0.0,113,7,3.198781168605373,17,8,,-0.98,12.98,-0.0758,0.0354
0x69f0c154a3412f2b3fa7eb22c6d08e6b5b32fb27,0.4986666666666667,1,1,op_001,146.0,0.0,0.9583333333333334,0.3,1.0,0.3333333333333333,0.1200000000000001,100,23,3.4767994711005765,47,1,0.56,-24.81,505.0,-0.0775,0.6111
0xdd7ace093254d347055cdfc95a94f0550b4b7bfb,0.4986254295532646,-1,0,,,0.0,0.8333333333333334,0.5463917525773195,1.0,0.3333333333333333,0.0,97,20,1.5656069422198875,94,1,0.3125,0.49,2349.4,0.0002,0.0215
0xcbbc5e035504421b084ad9248b660f6e9618b5d0,0.4986062717770035,1,1,,,0.0,0.75,0.3240418118466899,1.0,0.6666666666666666,0.0,287,18,4.903469468400395,75,2,0.5,-100.88,4250.3,-0.0237,0.5087
0xa5303c3d6321892667739ea611f2f6cb8a5188f6,0.49784946236559147,1,1,,,0.0,0.6666666666666666,0.0967741935483871,1.0,1.0,0.0,93,16,2.2343020096582165,60,5,0.3333,70.81,4391.18,0.0161,0.8925
0x75f33dacb4a16cbadd55c22e3271f0d28a77fe29,0.4975923364485982,1,1,op_001,146.0,0.0,0.375,0.2616822429906542,1.0,1.0,0.3333999999999999,107,9,1.530440589848484,48,6,0.6667,28.25,1026.41,0.0275,0.7664
0x1acf9ce5c136dfb1ea0fc1368e47ce80af4fd02e,0.49709480122324157,1,1,,,0.0,0.9166666666666666,0.09174311926605505,1.0,0.6666666666666666,0.0,218,22,2.662813352356331,75,2,0.3077,3.01,3136.15,0.001,0.4512
0xd4d166d85d65655ce0cb563a6d1edc804bbc1733,0.497,1,1,,,0.0,0.5416666666666666,0.2577777777777778,1.0,1.0,0.0,225,13,5.197548972732698,18,3,,-183.71,275.0,-0.668,0.0311
0xad6588ef75dffd586a956fb0d2cd269f7acfb49e,0.4959677419354839,1,1,op_001,146.0,0.0,0.625,0.13978494623655913,1.0,1.0,0.0,93,15,1.8557582259904708,26,7,,-18.53,628.5,-0.0295,0.7419
0x46243cd282b3731d3a3970ebdc3c4e66f785d4bf,0.4955459770114943,1,1,op_008,3.0,0.0,0.9583333333333334,0.02586206896551724,1.0,0.6666666666666666,0.0,116,23,1.2386457758089977,15,2,,-8.58,130.42,-0.0658,0.569
0x215547eb9c277bfe94791381e5f1d5b9e4793428,0.4949019607843138,1,1,op_001,146.0,0.0,0.5833333333333334,0.18823529411764706,1.0,1.0,0.0,85,14,2.7393668794178248,15,4,,-55.7,391.71,-0.1422,0.5412
0xa9c19119393aba971d56ea1c6d77dad13e6bbe67,0.4947072072072072,1,1,op_001,146.0,0.0,0.9583333333333334,0.02027027027027027,1.0,0.6666666666666666,0.0,148,23,2.2070327826457805,27,2,,-3.01,285.42,-0.0105,0.6824
0xf2cf3cf7863182c763bce60580a7d20e9333464b,0.49436936936936937,1,1,,,0.0,0.9583333333333334,0.35135135135135137,1.0,0.3333333333333333,0.0,74,23,1.8928305628601225,59,1,,2.16,174.66,0.0126,0.7101
0xd71776a8d4fddeb3c150c4607b3f8bec31213b85,0.49324833333333334,1,1,op_001,146.0,0.0,0.9166666666666666,0.3125,1.0,0.3333333333333333,0.13040000000000007,96,22,3.4032152659353803,46,1,0.5652,18.49,522.96,0.0616,0.75
0xd673933e62ad9762401079c59075856d22b21ca5,0.49310344827586206,1,1,,,0.0,0.625,0.1206896551724138,1.0,1.0,0.0,58,15,3.0265527749109293,15,5,0.5,-13.3,39.37,-0.3378,0.5345
0x4c358b3ba6e4fb602275f74281c32771a2a92aae,0.4930555555555556,1,1,op_002,4.0,0.0,0.9166666666666666,0.06481481481481481,1.0,0.6666666666666666,0.0,108,22,2.3689882296445552,48,2,,-5.76,152.89,-0.0382,0.5566
0xcd91a549956854fdc38efad7e80ff5da8f5432b8,0.4930555555555556,1,1,op_001,146.0,0.0,0.5,0.28703703703703703,1.0,1.0,0.0,108,12,2.3211350747048547,38,7,0.3548,7.44,2069.27,0.0053,0.8961
0xed26d53577c70c003a818b84cd1333baf992b18e,0.49291666666666667,1,1,,,0.0,0.7083333333333334,0.175,1.0,0.6666666666666666,0.25,40,17,1.6077670855667274,26,2,0.625,-1.58,77.41,-0.022,0.3333
0x41792a63ad17e7a210c808de4177e64a561eccee,0.4928571428571429,1,1,,,0.0,0.75,0.2857142857142857,1.0,0.6666666666666666,0.0,70,18,1.5959559162947345,49,2,1.0,-260.5,1153.72,-0.2391,0.6774
0x5c757fc1ef8b7c995aefa520011f3b8d2952627b,0.4922043010752688,1,1,,,0.0,0.7916666666666666,0.22580645161290322,1.0,0.6666666666666666,0.0,31,19,1.9486311684235806,23,2,0.25,-7.45,84.4,-0.0995,0.5172
0xb7014815c8f7b2c8bfd978ebda0be8e1a6bc8c1b,0.4916053921568627,1,1,op_006,12.0,0.0,0.9166666666666666,0.05514705882352941,1.0,0.6666666666666666,0.0,272,22,3.996246675592347,49,2,0.1667,7.94,310.83,0.0256,0.864
0x06f7cd57ffc5441cee3c0ffd9e556be595c053e0,0.4912121212121212,1,1,,,0.0,0.5833333333333334,0.16363636363636364,1.0,1.0,0.0,55,14,1.791535819945225,41,3,0.2857,7.93,395.24,0.021,0.7736
0x27abdfc9393c72a6330a3be987da4b46c726e521,0.4909604519774011,-1,1,op_001,146.0,0.0,0.6666666666666666,0.05084745762711865,1.0,1.0,0.0,354,16,1.5649125365772385,79,11,,6.77,1972.54,0.0036,0.9009
0xddfa54cf0fb541160dc5f6741655da298e9f014f,0.49,1,1,,,0.0,0.875,0.1,1.0,0.6666666666666666,0.0,110,21,1.7510738580800993,60,2,0.2,-8.88,598.56,-0.0152,0.7664
0x696fe9802e42bcba7818ccb6fdde1313d95d8f04,0.49,1,1,,,0.0,0.6666666666666666,0.044444444444444446,1.0,0.3333333333333333,1.0,45,16,1.4980223342703713,31,1,1.0,-96.38,352.34,-0.2939,0.1081
0x6a8d1709bfb718d8555d315a983c4816278350f9,0.48951890034364265,1,1,op_007,3.0,0.0,0.9166666666666666,0.041237113402061855,1.0,0.6666666666666666,0.0,97,22,2.0097119908711445,50,2,,124.11,583.99,0.2165,0.4574
0xbd6cbe1b94e0ae80b272124bf26b9694edae1e6d,0.489367816091954,1,1,,,0.0,0.7916666666666666,0.20689655172413793,1.0,0.6666666666666666,0.0,58,19,1.4658835628581532,52,2,,34.07,473.55,0.0737,0.6364
0x9a2f45f9228083d61103930e635b1be5baffa13c,0.48844696969696977,1,1,,,0.0,0.6666666666666666,0.03409090909090909,1.0,1.0,0.0,88,16,5.197901930353086,18,6,,122.85,1188.16,0.1089,1.0
0x79b61175ed419e50a4ce992593fa901d6edfe042,0.4879251700680272,1,1,,,0.0,0.5416666666666666,0.5306122448979592,1.0,0.6666666666666666,0.0,49,13,1.710132615333829,31,2,0.4,8.55,337.14,0.0254,0.8776
0x147e7969c73983235208f809e3835da49bcfeb1e,0.48694779116465864,1,1,,,0.0,0.9166666666666666,0.024096385542168676,1.0,0.6666666666666666,0.0,83,22,3.18016919438501,28,2,,39.35,6449.24,0.0064,1.0
0x7e2a576452e4a9e7182bffd942d812c2131e7e54,0.4863207547169811,1,1,,,0.0,0.625,0.07547169811320754,1.0,1.0,0.0,53,15,3.1568548372923573,20,3,0.0,-2.37,131.77,-0.018,0.6038
0xecc605abd3bc29ad7621d7fc6bc363013144b97a,0.48432039215686273,1,1,,,0.0,0.9166666666666666,0.11764705882352941,1.0,0.3333333333333333,0.3333999999999999,102,22,2.606376603017538,35,1,0.6667,0.0,1049.91,0.0,0.2673
0x16c7337106a0b3a06ff863a1c06d8e2cbf7322cd,0.4834192439862543,1,1,op_001,146.0,0.0,0.9583333333333334,0.27835051546391754,1.0,0.3333333333333333,0.0,97,23,3.3756154199907162,49,1,0.4828,-12.54,566.73,-0.0359,0.7302
0x2af92244ba9ff279f358e0034213337b0617d04e,0.4833333333333333,1,1,,,0.0,0.25,0.2222222222222222,1.0,0.6666666666666666,1.0,45,6,3.840537367522773,8,2,1.0,9.74,369.99,0.0263,1.0
0x695c569faefdb6ee2a1be44b0ad036ff9bf585dd,0.4829646017699115,1,1,op_006,12.0,0.0,0.875,0.05309734513274336,1.0,0.6666666666666666,0.0,226,21,3.8446996434914675,45,2,,-14.54,257.13,-0.0596,0.8472
0x8a5ae42312c477a50f84748a139a7f8595836df4,0.48287878787878785,1,1,,,0.0,0.7916666666666666,0.16363636363636364,1.0,0.6666666666666666,0.0,55,19,3.2468150737431154,15,2,0.0,-21.4,84.53,-0.2732,0.3725
0x75b086ade880292697fc38e363275be91282e7b7,0.48254716981132073,1,1,,,0.0,0.375,0.7169811320754716,1.0,0.6666666666666666,0.0,53,9,1.8375713766357682,17,2,,-43.27,374.87,-0.1199,0.1569
0x593716b79fb30a506250753822a97b487077ae8d,0.4821428571428572,-1,1,op_001,146.0,0.0,0.125,0.7142857142857143,1.0,1.0,0.0,49,3,2.382387995161935,18,4,0.4,34.21,189.98,0.1801,0.2449
0xeb68675c06e0bb9f08ba510550912d77289ce362,0.481872852233677,1,1,op_001,146.0,0.0,0.9583333333333334,0.26804123711340205,1.0,0.3333333333333333,0.0,97,23,3.3311801491423663,47,1,0.36,-6.73,579.96,-0.0187,0.6923
0x8f34e45fe06d6fad7d9d9d2738859a4022c02f50,0.48173076923076924,1,1,,,0.0,0.75,0.21153846153846154,1.0,0.6666666666666666,0.0,52,18,1.3215687647394025,35,2,0.2727,39.12,315.72,0.1239,0.3654
0x0b4274f118eefeb3304ad5d8195a5876cc7d9fc4,0.4813218390804598,-1,1,op_001,146.0,0.0,0.3333333333333333,0.43103448275862066,1.0,1.0,0.0,116,8,1.4407219383778365,54,10,0.0,14.2,112.85,0.1259,0.1034
0xb9fd687edbc9ae7a58bf69d0a6fff2aba75e5c4f,0.4811761290322581,1,1,,,0.0,0.75,0.0967741935483871,1.0,0.3333333333333333,0.6666000000000001,31,18,1.8172973815160511,18,1,0.8333,-34.21,314.19,-0.1089,0.4839
0x36f491aea4e690d2f6dc9034f26018ba99907518,0.48095238095238096,-1,0,,,0.0,0.4583333333333333,0.9285714285714286,1.0,0.3333333333333333,0.0,98,11,3.5404753836409313,87,1,,83.36,1091.34,0.0764,0.8878
0x8fe730b55cf3468c01a884cfcde79c2dfb4d6c1f,0.4807364227642276,1,1,op_001,146.0,0.0,0.3333333333333333,0.17073170731707318,1.0,1.0,0.38460000000000005,41,8,2.446182003365025,22,5,0.6923,16.79,113.79,0.1505,0.725
0x5979182591e96746ad0f297c581779cc463298b7,0.48030303030303034,1,1,,,0.0,0.5833333333333334,0.09090909090909091,1.0,1.0,0.0,33,14,1.4942332951135104,20,3,1.0,-15.87,38.22,-0.4154,0.303
0x68375b8cd026ad970a748c3f385c15e4772e1108,0.47987804878048784,1,1,,,0.0,0.875,0.36585365853658536,1.0,0.3333333333333333,0.0,41,21,2.611284822614304,31,1,1.0,6.63,219.29,0.0316,0.8718
0x83f7aacb9d9abbf4f43a669b0f320a55d8c91907,0.4797101449275363,1,1,op_001,146.0,0.0,0.5833333333333334,0.08695652173913043,1.0,1.0,0.0,46,14,2.383347602225342,19,4,,3.58,46.0,0.0778,0.913
0xc784133a3edc82f20a439db145163e10e82f4802,0.4796184738955824,-1,0,,,0.0,0.9583333333333334,0.25301204819277107,1.0,0.3333333333333333,0.0,83,23,4.610104436082891,80,1,1.0,7.85,736.54,0.0107,0.9634
0x805ad654147e0e8f0aaf5171a73e974290a2ff74,0.4794715447154472,1,1,,,0.0,0.8333333333333334,0.08536585365853659,1.0,0.6666666666666666,0.0,82,20,1.2850896769343758,62,2,0.0,11.03,709.28,0.0155,0.561
0x18f69ffc266b332747ac1884ce8d2487f770e980,0.47896174863387986,1,1,op_001,146.0,0.0,0.5833333333333334,0.08196721311475409,1.0,1.0,0.0,61,14,2.760163200357897,29,4,,-9.85,107.7,-0.0914,0.7541
0xff18d1a280fd1c90909b3b2057ef21ce64a5da47,0.4788288288288288,1,1,,,0.0,0.8333333333333334,0.08108108108108109,1.0,0.6666666666666666,0.0,111,20,2.455799990853608,19,2,,-47.24,304.12,-0.1553,0.4685
0x63bd7d6059c4f685161be9330633db1cd7fa3480,0.47840136054421767,1,1,op_002,4.0,0.0,0.7083333333333334,0.24489795918367346,1.0,0.6666666666666666,0.0,49,17,2.0227339847733967,13,2,1.0,-10.38,72.41,-0.1434,0.2041
0xf0aaa9c44b5e0a9c5577a7550a354e2d336af7e3,0.4783333333333333,1,1,,,0.0,0.7916666666666666,0.13333333333333333,1.0,0.6666666666666666,0.0,45,19,1.8131049934755792,24,2,0.6667,-17.28,41.64,-0.415,0.2889
0xcd61f09589d18d75d7589fa368cafa05413202d4,0.47826241134751774,1,1,op_001,146.0,0.0,0.8333333333333334,0.010638297872340425,1.0,0.3333333333333333,0.6000000000000001,188,20,3.3175475153818543,23,1,0.8,-85.95,608.11,-0.1413,0.5106
0xd61739483381a47fc66b32c47a31acb5ad2d9472,0.478125,1,1,,,0.0,0.5,0.1875,1.0,1.0,0.0,32,12,2.6001175053641856,27,4,0.5,-0.46,17.27,-0.0268,0.9375
0x7ae4b06fca9162214525cf4c592b21dc6153fc82,0.47773,1,1,,,0.0,0.625,0.175,1.0,0.3333333333333333,0.7647999999999999,40,15,1.8620511186367723,18,1,0.8824,-410.51,1567.41,-0.2619,0.425
0x044f334595a7fd42c143e11c8ec47f23c8d1d1f1,0.47734375,1,1,,,0.0,1.0,0.18229166666666666,1.0,0.3333333333333333,0.0,192,24,3.3383111585620466,36,1,0.0,460.72,3560.67,0.1515,0.6792
0x2efb1ccd26217d96afe566efa1313c8a436f04af,0.4772357723577236,1,1,,,0.0,0.6666666666666666,0.2926829268292683,1.0,0.6666666666666666,0.0,41,16,1.818687814256724,41,2,0.0,-24.28,24.28,-1.0,0.0
0x75b95d8635993f0cb9972e6e194dd09403a10893,0.4769607843137255,1,1,,,0.0,0.7083333333333334,0.23529411764705882,1.0,0.6666666666666666,0.0,51,17,4.181748614365096,9,2,0.1818,-48.28,147.66,-0.327,0.3725
0xc24f7c8d102dabaf7d13b09fdafa9833f71081d3,0.4769230769230769,1,1,,,0.0,0.75,0.1794871794871795,1.0,0.6666666666666666,0.0,39,18,2.040993014191729,18,2,0.0,-97.77,748.72,-0.1306,0.8462
0x35c4316574a4649865095ee9fe0c206005f6d144,0.4764047619047619,1,1,,,0.0,0.5416666666666666,0.10714285714285714,1.0,0.6666666666666666,0.52,56,13,3.338188571274741,32,2,0.76,111.75,1112.87,0.1028,0.7885
0x3322017634bbeb291a9b6feb889e6393cac87dc2,0.4757183908045977,1,1,,,0.0,0.8333333333333334,0.0603448275862069,1.0,0.6666666666666666,0.0,116,20,2.5240148672114704,12,2,,85.11,1148.21,0.0741,0.4655
0x4ab62355a650a53bb1a363ec4f566477cef775b5,0.4754452302025783,1,1,,,0.0,0.9583333333333334,0.049723756906077346,1.0,0.3333333333333333,0.2632000000000001,181,23,4.111488124168526,74,1,0.6316,158.36,536.87,0.295,0.9669
0x48836cb45f746f2c5fedf84c4fe7402a236470aa,0.4752347417840376,1,1,,,0.0,0.7916666666666666,0.11267605633802817,1.0,0.6666666666666666,0.0,71,19,1.6182712114417825,51,2,0.1667,4.53,94.01,0.0509,0.7121
0xd72de00913a8b60ece5a1a40eac0bb172d209e9e,0.4751103752759382,1,1,op_006,12.0,0.0,0.8333333333333334,0.056291390728476824,1.0,0.6666666666666666,0.0,302,20,4.286511963870463,54,2,0.0,5.17,304.05,0.017,0.9007
0x47e9c1e3a3d7aa76b22b13d5ebd46d82ddac732c,0.475,-1,1,,,0.0,0.5,0.5,1.0,0.6666666666666666,0.0,78,12,4.240865456248202,8,2,0.0,2.59,565.08,0.0077,0.9762
0x885f5610bc4a433a0bf6b360e098ebefa7227bf9,0.4748901098901099,1,1,,,0.0,0.875,0.06593406593406594,1.0,0.3333333333333333,0.3999999999999999,91,21,1.7443942512936235,50,1,0.7,12.21,465.9,0.0286,0.4762
0x3d7d0ba6c4cb6608e9b2ae9a7c6b4d822c6510fc,0.47482269503546104,1,1,op_001,146.0,0.0,0.4166666666666667,0.2765957446808511,1.0,1.0,0.0,47,10,2.97711988785241,30,7,0.375,0.49,632.25,0.0008,0.7447
0xe681c8a0a49cda37d5453fb1ec3cc2a7b94419f8,0.4743589743589744,1,1,,,0.0,0.8333333333333334,0.38461538461538464,1.0,0.3333333333333333,0.0,39,20,2.549853846552351,31,1,0.3333,-9.1,251.31,-0.0376,0.8378
0xbf61cc975f03ebe3ca3a3ff16d930aadba7721ab,0.47412280701754383,1,1,op_001,146.0,0.0,0.5416666666666666,0.10526315789473684,1.0,1.0,0.0,38,13,1.103810630463785,33,3,,-1.43,37.96,-0.0376,0.7632
0xa6d41c5a6da4ea09a88de11c832cd99b73a32f1e,0.4740924092409241,1,1,op_010,4.0,0.0,0.5833333333333334,0.04950495049504951,1.0,1.0,0.0,101,14,3.059007803267587,30,3,0.0,16.29,361.93,0.0479,0.9789
0x3aae812d32ee5f8dd821497047bf3283aab9e7a0,0.4738095238095238,1,1,,,0.0,0.4583333333333333,0.21428571428571427,1.0,1.0,0.0,42,11,2.7848481550098287,20,3,,-16.53,43.1,-0.3835,0.3571
0xe3479950ef6e8984df109ec5c9be40630f9fb438,0.4733333333333334,1,1,op_001,146.0,0.0,0.16666666666666666,0.6,1.0,1.0,0.0,55,4,1.6722245520440437,44,11,,0.97,209.03,0.0047,0.9091
0xd92e83f7a7f032bc4e2921781f08d432f52b5ae3,0.4724188790560472,1,1,op_001,146.0,0.0,0.8333333333333334,0.038348082595870206,1.0,0.6666666666666666,0.0,339,20,5.34860703333963,42,2,0.2613,62.77,851.42,0.0889,0.6179
0xdff07b8665a6567c233ebb914136d38b90785865,0.47196969696969693,1,1,op_001,146.0,0.0,0.7916666666666666,0.09090909090909091,1.0,0.6666666666666666,0.0,132,19,3.851927838449519,21,2,,-6.86,177.39,-0.0387,0.7045
0xd5680c3dade6d675015e3bec342169df070b2863,0.47121212121212125,1,1,,,0.0,0.8333333333333334,0.36363636363636365,1.0,0.3333333333333333,0.0,44,20,1.4056696703358498,40,1,,28.87,1138.02,0.0254,0.9091
0xbbaa537be3d9bea58a7137867764cbcfa9b488a2,0.4711847389558233,1,1,,,0.0,0.8333333333333334,0.030120481927710843,1.0,0.6666666666666666,0.0,166,20,3.780643091667139,33,2,0.2,-106.85,504.75,-0.2117,0.4518
0x59314a635242711642a70663ea74cc8270c78ecb,0.47112,1,1,,,0.0,0.5,0.4,1.0,0.6666666666666666,0.11119999999999997,40,12,1.5445438473704562,34,2,0.5556,19.35,105.79,0.2007,0.7714
0x420cfdc0b5f32b0375b1fe909d4c9e3b49531f36,0.47064896755162244,1,1,,,0.0,0.8333333333333334,0.02654867256637168,1.0,0.6666666666666666,0.0,226,20,3.4044928822499774,56,2,0.4375,20.23,2066.61,0.0098,0.3673
0x524ce8d2abe90541253f505a73e64dbf081cd364,0.4702702702702703,1,1,,,0.0,0.75,0.13513513513513514,1.0,0.6666666666666666,0.0,37,18,1.8139159744175792,17,2,1.0,-8.59,28.14,-0.3051,0.3784
0xf7a4f1a3716f79e4f588642b5d60e61ddc1cf148,0.47017543859649125,1,1,,,0.0,0.7916666666666666,0.07894736842105263,1.0,0.6666666666666666,0.0,114,19,2.307838239766502,47,2,0.0909,-118.3,1763.18,-0.0697,0.3661
0x3b73e347ca95b4a90c2e0b2948598ca6456a9b26,0.47,1,1,,,0.0,0.75,0.13333333333333333,1.0,0.6666666666666666,0.0,60,18,1.4670894558938667,60,2,,-0.3,59.99,-0.0056,0.9074
0x77bdeb3f229bf6d826d20dbd5f0c7972c32ae48f,0.4692982456140351,-1,1,op_001,146.0,0.0,0.20833333333333334,0.5175438596491229,1.0,1.0,0.0,114,5,3.0943377059656414,20,11,0.2326,-1.89,88.88,-0.0212,0.1404
0xae68539542db9d69e66445c21e6e3bdde417064a,0.4692618223760092,1,1,,,0.0,0.8333333333333334,0.01730103806228374,1.0,0.6666666666666666,0.0,289,20,3.3642992237123606,78,2,0.0909,301.37,4346.34,0.0728,0.7774
0x42545c3f429161c35198ef40719f635268011d02,0.4692176870748299,1,1,,,0.0,0.7083333333333334,0.1836734693877551,1.0,0.6666666666666666,0.0,49,17,3.1347765323723347,30,2,0.5,37.48,591.17,0.0634,0.5306
0x0642963c29aafe0d6550c411ccc211b299daa6f7,0.4691489361702128,1,1,op_002,4.0,0.0,0.75,0.1276595744680851,1.0,0.6666666666666666,0.0,47,18,2.7308905247500292,22,2,,-10.46,51.17,-0.2044,0.4255
0x2b131da7ff24f50083b98d199670fc670e7162d3,0.46891891891891896,1,1,op_001,146.0,0.0,1.0,0.12612612612612611,1.0,0.3333333333333333,0.0,444,24,2.937917465238684,81,1,0.475,143.92,1517.58,0.1034,0.5947
0xa7a3d5a1d98f64fa7ba593792e310d691bb97846,0.4686538461538462,1,1,,,0.0,0.75,0.057692307692307696,1.0,0.3333333333333333,0.6000000000000001,52,18,1.440163749744436,42,1,0.8,2.56,91.0,0.0331,0.3617
0x91739b35da123de18c116e598cc18a7f6317a6a6,0.46846846846846846,-1,1,,,0.0,0.16666666666666666,0.5675675675675675,1.0,1.0,0.0,37,4,1.0429436306427402,37,3,,15.95,1689.22,0.0094,1.0
0x10f46a113607ae668aca275aa582c6cb1b35c2ea,0.46832666666666667,1,1,,,0.0,0.7083333333333334,0.06666666666666667,1.0,0.3333333333333333,0.6666000000000001,30,17,1.252418908290063,20,1,0.8333,4.94,180.24,0.0304,0.4815
0x3193b23ea9be85e9e50b0daf623da26da845cc5a,0.4673809523809524,1,1,,,0.0,0.7083333333333334,0.17142857142857143,1.0,0.6666666666666666,0.0,35,17,2.080751047779236,22,2,0.375,20.01,341.24,0.0586,0.8286
0x2a876b52b51683c5fa5eb9574b3c2e3dfe3ca55a,0.4673333333333333,1,1,,,0.0,0.7916666666666666,0.06,1.0,0.6666666666666666,0.0,100,19,3.4837609277445822,39,2,0.0,158.38,1530.77,0.1035,0.45
0xa259022b8710972244d8992b2c2483ee04996597,0.4666666666666667,1,1,,,0.0,0.7083333333333334,0.5,1.0,0.3333333333333333,0.0,30,17,1.81131773616262,20,1,,28.47,166.42,0.1711,0.8333
0x10a10445ac483b4c2d5260dbbdd87eff454a7a23,0.4666666666666667,1,1,,,0.0,0.7083333333333334,0.16666666666666666,1.0,0.6666666666666666,0.0,54,17,1.1712895219135273,39,2,0.0,39.38,466.09,0.093,0.898
0x291d4e2a3662bfd36a52baba9582519980418e36,0.46635809523809524,1,1,,,0.0,0.5833333333333334,0.2571428571428571,1.0,0.6666666666666666,0.11119999999999997,35,14,2.710091489784856,21,2,0.5556,23.4,89.68,0.3319,0.4667
0xe6d7c21097f400573e8d4538dd123a001544f810,0.4662790697674418,1,1,op_001,146.0,0.0,0.25,0.4418604651162791,1.0,1.0,0.0,43,6,1.621785177296336,21,10,,0.91,194.15,0.0047,0.907
0xeafd6b92326a666ab6ddeba8cbfca59ce8156a5e,0.46621621621621623,1,1,op_001,146.0,0.0,0.5,0.10810810810810811,1.0,1.0,0.0,37,12,2.0118154619842428,24,4,,-0.17,48.1,-0.0035,0.8108
0xb21bc90c56174a89bdf5915abf30b3aa978bc396,0.46605428571428575,1,1,,,0.0,0.75,0.37142857142857144,1.0,0.3333333333333333,0.10339999999999994,140,18,2.162359368927284,63,1,0.5517,117.7,862.68,0.1506,0.3684
0xbd70aaa5514aa549e494d0833e6b5715dee7a9b9,0.4650387596899225,1,1,,,0.0,0.5833333333333334,0.2558139534883721,1.0,0.3333333333333333,0.6000000000000001,43,14,2.22903582121783,40,1,0.8,-9.07,212.24,-0.0427,0.8372
0x46f71934a7dd522ef9e84a4016ec620e27015b54,0.4635338345864662,1,1,op_006,12.0,0.0,0.75,0.09022556390977443,1.0,0.6666666666666666,0.0,133,18,3.940246966941227,30,2,,-0.19,140.82,-0.0014,0.8496
0x4b2997ce96f9ff66f13e4f5a5db7ac090ce0623b,0.4633333333333333,1,1,,,0.0,0.9166666666666666,0.2,1.0,0.3333333333333333,0.0,135,22,2.2848605125948893,40,1,,146.81,558.3,0.263,0.4444
0x200e8ad4763eac3ada1e8b69ab516fcb728d7d37,0.4626811594202898,1,1,,,0.0,0.4166666666666667,0.1956521739130435,1.0,0.6666666666666666,0.5,46,10,1.5946075326115403,27,2,0.75,245.47,5837.85,0.042,0.8043
0xc1e51a0e0ab9f10e2d489b312e35ad8b220dc5df,0.4622294372294372,1,1,,,0.0,0.5416666666666666,0.025974025974025976,1.0,1.0,0.0,77,13,4.220855088616454,11,6,0.0,-9.8,221.03,-0.0444,0.6234
0x9819cd8f2654168d2f050482a5a17297b0eefe16,0.4616030881017257,1,1,,,0.0,0.7916666666666666,0.021798365122615803,1.0,0.6666666666666666,0.0,367,19,4.021930285735526,83,2,0.3833,-7.09,2230.82,-0.0037,0.5285
0x0069000ac9d4ab6bc0d7b6f0728078365e64e341,0.4614779874213837,1,1,,,0.0,0.7083333333333334,0.1320754716981132,1.0,0.6666666666666666,0.0,53,17,1.8523815758091544,29,2,0.75,-2.94,142.77,-0.0206,0.434
0x9151c7063031499787a6a35003ec488285c9a93e,0.4614583333333333,1,1,,,0.0,0.7916666666666666,0.020833333333333332,1.0,0.6666666666666666,0.0,48,19,1.7295639688517763,46,2,0.0,-57.82,690.24,-0.128,0.4773
0x78e75838878d7b6e48ec9bf013b6e92b659f5fdd,0.46141304347826084,1,1,,,0.0,0.75,0.07608695652173914,1.0,0.6666666666666666,0.0,92,18,2.749698311487201,28,2,0.0,-1.32,257.94,-0.0054,0.6854
0x8f5d2421b5efcca1d68fba919db4defee3623384,0.4614035087719298,1,1,,,0.0,0.7083333333333334,0.13157894736842105,1.0,0.6666666666666666,0.0,38,17,1.2284261963770493,38,2,,-10.28,316.28,-0.0325,0.7105
0x9cb35555b913c805a62a2e34bce4ef14f0e81367,0.46079418344519013,1,1,,,0.0,0.9583333333333334,0.12751677852348994,1.0,0.3333333333333333,0.0,149,23,1.9102914667686528,64,1,0.3571,103.54,964.19,0.1116,0.5734
0xc9d9fd1d03c6371adca5918f14ca944bc8d607e7,0.45988372093023255,1,1,,,0.0,0.625,0.23255813953488372,1.0,0.6666666666666666,0.0,43,15,1.5542540885356437,30,2,0.4,12.85,925.83,0.0139,0.7209
0x36469210b7ced93ec7d7fd635bf66df0b898ba5a,0.459375,1,1,,,0.0,0.75,0.0625,1.0,0.3333333333333333,0.5,64,18,2.2656793906378616,24,1,0.75,12.18,487.91,0.0254,0.4677
0x50d8b40baa2183789f7fdf26a0c5db8817420a0e,0.459,1,1,,,0.0,0.75,0.06,1.0,0.6666666666666666,0.0,100,18,1.8615948209984619,65,2,0.25,-148.03,2802.48,-0.0555,0.7253
0x7e079e637bc5c696a99f19a090172c226bda109f,0.458974358974359,1,1,,,0.0,0.3333333333333333,0.28205128205128205,1.0,1.0,0.0,39,8,3.6410253857851202,29,3,,-1.74,20.55,-0.0849,0.9487
0xe45edc3c8d44c7e848ad25da31ec3b216001fcb8,0.4588780487804878,1,1,,,0.0,0.75,0.36585365853658536,1.0,0.3333333333333333,0.040000000000000036,328,18,4.791594956556166,73,1,0.52,-111.03,2866.41,-0.0395,0.5583
0x6de983b37b054b8e8442f4c1f30dc30c7567a8e5,0.45865800865800865,1,1,op_001,146.0,0.0,0.6666666666666666,0.16883116883116883,1.0,0.6666666666666666,0.0,77,16,2.7323568640318396,21,2,,-27.51,510.19,-0.0539,0.7403
0xebe07c8ac0e9bbbc1553b63b962d30ed2ff352dc,0.45804601626016256,1,1,,,0.0,0.7916666666666666,0.12195121951219512,1.0,0.3333333333333333,0.31420000000000003,123,19,4.217137490340596,43,1,0.6571,-40.44,1158.06,-0.0413,0.4694
0xe94b64f2e3bc116352c0ae9d74605bc82c77c5ed,0.45789473684210524,1,1,op_009,5.0,0.0,0.5,0.05263157894736842,1.0,1.0,0.0,38,12,2.33929320033598,11,6,0.1429,-9.96,152.78,-0.0754,0.3429
0x561add5adb490bf44ce27837cc3362502dc47be2,0.45765765765765765,1,1,,,0.0,0.4166666666666667,0.16216216216216217,1.0,1.0,0.0,37,10,0.7790110108648396,34,3,0.0,-45.83,151.83,-0.3018,0.1892
0x1545ecd39d062b72eb0ac183a134f35b33d63d97,0.45747126436781615,1,1,,,0.0,0.2916666666666667,0.3275862068965517,1.0,1.0,0.0,58,7,2.432692522046005,12,6,,-10.65,143.91,-0.074,0.9655
0xe8dd7741ccb12350957ec71e9ee332e0d1e6ec86,0.4571839080459771,1,1,op_001,146.0,0.0,0.4583333333333333,0.10344827586206896,1.0,1.0,0.0,174,11,1.3618938032355288,39,11,,-11.04,1340.49,-0.0086,0.9226
0x6e41f5497f0cbe0e3aef1d84a0f1be87d5795e0c,0.4567307692307692,1,1,,,0.0,0.625,0.21153846153846154,1.0,0.6666666666666666,0.0,52,15,1.5584789314648595,33,2,0.4643,35.47,971.04,0.0383,0.451
0xe3726a1b9c6ba2f06585d1c9e01d00afaedaeb38,0.45641025641025645,1,1,op_001,146.0,0.0,0.4166666666666667,0.15384615384615385,1.0,1.0,0.0,143,10,2.426001159093496,61,11,,2.56,73.59,0.0348,0.9021
0x36ef0552d262ac320770a6715df2552175743c3a,0.45631578947368423,1,1,,,0.0,1.0,0.042105263157894736,1.0,0.3333333333333333,0.0,95,24,2.783969211319692,30,1,0.4615,4.22,224.9,0.0276,0.5714
0xe073535444444ecf767e3baa4b4b74eacae225f9,0.4561764705882353,1,1,op_006,12.0,0.0,0.75,0.041176470588235294,1.0,0.6666666666666666,0.0,170,18,3.77757943864598,41,2,0.1667,-13.84,226.18,-0.0612,0.6941
0x20e78d3cbc34221b6af22227e686c12426f984a7,0.45606060606060606,1,1,,,0.0,0.6666666666666666,0.48484848484848486,1.0,0.3333333333333333,0.0,33,16,1.4836235083526155,28,1,0.2,-25.71,25.71,-1.0,0.0
0xc4166601556e9ed313d0ab9548f914ec87443704,0.4553030303030303,1,1,,,0.0,0.7083333333333334,0.09090909090909091,1.0,0.6666666666666666,0.0,33,17,3.1017939137704045,23,2,,-8.8,30.92,-0.2845,0.1515
0x81938ff9e4ae3026c0f01782ede96419ab76fc06,0.4552845528455285,1,1,op_003,15.0,0.0,0.4166666666666667,0.14634146341463414,1.0,1.0,0.0,41,10,3.754964519536496,11,3,0.2857,-4.44,41.37,-0.1165,0.8421
0xaeaf20d612b72e06750577bd69fbf08983349ce1,0.4549019607843138,1,1,,,0.0,0.4583333333333333,0.08823529411764706,1.0,1.0,0.0,34,11,1.6056783388629357,24,3,,-8.96,107.4,-0.0834,0.6471
0xf21130fafe2a901b852994d4ab2a438c7c1f385d,0.45476190476190476,1,1,,,0.0,0.6666666666666666,0.14285714285714285,1.0,0.6666666666666666,0.0,35,16,1.2687527410729094,14,2,,34.45,541.04,0.0637,0.5429
0xcbfc77ef5f4b0a7c1bc7a6e1afa28f65c3c30be4,0.4545698924731183,1,1,,,0.0,0.7083333333333334,0.41935483870967744,1.0,0.3333333333333333,0.0,31,17,1.9114805896826774,22,1,0.375,-23.89,99.9,-0.2392,0.3871
0xa6fbd527070abf16092d05512e4c603516de58e2,0.45430107526881724,1,1,,,0.0,0.2916666666666667,0.3064516129032258,1.0,1.0,0.0,62,7,3.128290081845553,18,9,,6.57,542.04,0.0121,0.9032
0xe022ecafc0a94c28f27744eb3f5ad35116fb12c5,0.4541666666666667,1,1,,,0.0,0.4583333333333333,0.08333333333333333,1.0,0.3333333333333333,1.0,36,11,1.9251102106164648,14,1,1.0,64.39,5989.04,0.0108,1.0
0x3a963b8d8778a02d7ef6f3fbe7c9298f65a34007,0.4541666666666667,1,1,,,0.0,0.7083333333333334,0.08333333333333333,1.0,0.6666666666666666,0.0,48,17,1.1347299626834642,29,2,0.4,-11.64,492.78,-0.0236,0.5417
0xd19ea50f37c99722319c43632fd6a93b2e62754e,0.45394736842105265,-1,1,,,0.0,0.375,0.5263157894736842,1.0,0.6666666666666666,0.0,38,9,3.107031983089287,9,2,0.0,-9.44,20.58,-0.4585,0.7632
0xd092feff5302a43274756204fe4f2d31ae1ea689,0.453921568627451,1,1,,,0.0,0.6666666666666666,0.13725490196078433,1.0,0.6666666666666666,0.0,51,16,1.8252399272631001,11,2,1.0,-6.9,120.41,-0.0573,0.6471
0xec87cb382fd131f2af9abf11840752df74fd43f9,0.45378787878787874,1,1,,,0.0,0.6666666666666666,0.13636363636363635,1.0,0.6666666666666666,0.0,88,16,2.869126307435516,20,2,0.1475,20.97,939.85,0.0223,0.8523
0xc2634869e6f4661c498d8bb07a6d23526f37362a,0.45337837837837835,1,1,,,0.0,0.625,0.1891891891891892,1.0,0.6666666666666666,0.0,37,15,0.9999257082644275,19,2,0.4615,0.14,37.2,0.0043,0.5
0xe12c3f269f3d4d9c2ae98dd350d803775d5adef5,0.4533333333333333,1,1,,,0.0,0.6666666666666666,0.13333333333333333,1.0,0.6666666666666666,0.0,45,16,1.4433322244775735,31,2,0.6667,13.4,70.92,0.2287,0.6579
0x9fd64979a0d2bd5781ea6ac09143c7af21835ab1,0.45323529411764707,1,1,,,0.0,0.375,0.18823529411764706,1.0,1.0,0.0,85,9,1.9844729283362748,40,3,0.3333,17.39,7155.51,0.0024,1.0
0xe4819a3493eb473b0f3c92e44f38a638976732a3,0.45294871794871794,1,1,,,0.0,0.7916666666666666,0.03076923076923077,1.0,0.3333333333333333,0.3999999999999999,130,19,1.8966897556408353,55,1,0.7,-3.17,295.17,-0.0111,0.3852
0xecd58b481cf48d66b6248a5358577b1005cfebdc,0.4528985507246377,1,1,op_006,12.0,0.0,0.6666666666666666,0.13043478260869565,1.0,0.6666666666666666,0.0,46,16,2.0497232585888154,21,2,,-16.75,190.0,-0.0881,0.6522
0xcd86761e297f18014c91f4388c39df8262ae1f6d,0.45180180180180185,1,1,op_001,146.0,0.0,0.7083333333333334,0.06756756756756757,1.0,0.6666666666666666,0.0,74,17,3.210346078390775,17,2,,27.16,1404.51,0.0193,0.9324
0x30881f64ed08afeebb256c47f50a76c3de24bd14,0.45119047619047625,1,1,op_003,15.0,0.0,0.4583333333333333,0.06349206349206349,1.0,1.0,0.0,63,11,3.509025821609085,14,4,0.2857,-68.33,315.83,-0.2183,0.7705
0x062a140c306014bdffa30684438bfe85cbd956ff,0.45119047619047625,1,1,op_005,2.0,0.0,0.2916666666666667,0.2857142857142857,1.0,1.0,0.0,49,7,2.1389516488569797,15,5,,24.61,3121.65,0.0079,1.0
0x8ca21445fc588f48128c2180fb885fb07ecb1d74,0.44898373983739837,1,1,,,0.0,0.7083333333333334,0.04878048780487805,1.0,0.6666666666666666,0.0,41,17,1.8188068063356806,12,2,0.6667,-1.93,94.73,-0.0204,0.5854
0x3904e686bffade807ac746cd462c6f44724c539b,0.4489130434782609,1,1,,,0.0,0.625,0.15942028985507245,1.0,0.6666666666666666,0.0,69,15,2.745807432777927,21,2,0.1667,-47.47,221.97,-0.2138,0.4058
0x4bfe11c1f2ffe7278e1ddcbd970dc8ecf45db127,0.4486434108527132,1,1,,,0.0,0.7083333333333334,0.046511627906976744,1.0,0.6666666666666666,0.0,43,17,2.1476981421689385,29,2,0.5,-85.22,165.93,-0.5984,0.3243
0xb8da89184f5c9c4d837d7ce1237cd9a1cf419d35,0.4484848484848485,1,1,,,0.0,0.5833333333333334,0.21212121212121213,1.0,0.6666666666666666,0.0,33,14,1.4185032320215973,24,2,,5.13,1082.01,0.0047,0.6061
0x904c3af7aed57a9f71162d6654f93556e9a04172,0.44816303030303034,1,1,,,0.0,0.7083333333333334,0.09090909090909091,1.0,0.3333333333333333,0.4286000000000001,33,17,1.7792705829547382,19,1,0.7143,38.43,149.04,0.2579,0.697
0x44773b8d88be1f14745b089a2a8f98dcdf6ffb85,0.4480392156862745,1,1,,,0.0,0.5416666666666666,0.2647058823529412,1.0,0.6666666666666666,0.0,34,13,1.8200828807514546,18,2,0.5,-3.07,72.91,-0.0421,0.4412
0xa7a1c3b19b7d7e4c8089f7dac76c2423a3b8a85e,0.4479166666666667,1,1,,,0.0,0.7083333333333334,0.041666666666666664,1.0,0.6666666666666666,0.0,96,17,3.0024380518387312,20,2,0.4783,63.19,1415.13,0.0465,0.7826
0x1798b39ce96371b6cfc6c68d107c1e4c2bad1ce9,0.4479166666666667,1,1,op_010,4.0,0.0,0.9166666666666666,0.09722222222222222,1.0,0.3333333333333333,0.0,72,22,1.586057747498516,55,1,0.2,54.85,327.92,0.2031,0.381
0x35073b8411f81ac56d2fbfc50a92ac9d413471d7,0.4473958333333333,1,1,,,0.0,0.6666666666666666,0.09375,1.0,0.6666666666666666,0.0,32,16,1.447388570004022,31,2,0.5,-7.78,1535.0,-0.0051,0.75
0x8431abd5b1f16c179cd955422567add5303c6291,0.44727414330218074,1,1,,,0.0,0.7083333333333334,0.037383177570093455,1.0,0.6666666666666666,0.0,107,17,3.2185817573349724,20,2,,-468.6,3033.31,-0.1545,0.6916
0xd934049d1369190c9307fff692211cd323cd60a0,0.4470623501199041,1,1,,,0.0,0.9583333333333334,0.03597122302158273,1.0,0.3333333333333333,0.0,139,23,4.174979902629273,44,1,,52.66,10718.9,0.0053,0.9773
0x91ef1ffec4d7a98353cfeeeb1e4fc832f31bb0f2,0.4470183486238532,1,1,,,0.0,0.625,0.14678899082568808,1.0,0.6666666666666666,0.0,109,15,2.1904024981877583,43,2,0.4634,37.21,336.21,0.1123,0.4444
0xfe01af0e8d99024c91e3f093f8babd493cb3b8ae,0.44666666666666666,1,1,,,0.0,0.6666666666666666,0.08888888888888889,1.0,0.6666666666666666,0.0,45,16,1.5517745697340106,45,2,,-36.92,227.28,-0.1637,0.6364
0x94b121e0d4e4d9ee3a79cb4fb8d9d3ffc31c27cb,0.44666666666666666,1,1,,,0.0,0.6666666666666666,0.08888888888888889,1.0,0.6666666666666666,0.0,45,16,2.1487483641516096,19,2,,-95.45,514.65,-0.1855,0.6889
0x0038fce0a27006de0c959f7d44bc79281df6ad0d,0.44601897435897436,1,1,op_003,15.0,0.0,0.4583333333333333,0.05128205128205128,1.0,0.6666666666666666,0.4665999999999999,78,11,3.4103528866382167,13,2,0.7333,-57.12,611.02,-0.0935,0.8333
0xa581732ef404ce759d8ae77537f1bd027485b552,0.4458333333333333,1,1,op_001,146.0,0.0,0.2916666666666667,0.25,1.0,1.0,0.0,48,7,1.9742616995126248,35,10,0.3333,-1.29,447.07,-0.003,0.7391
0xb6aff8bbb6b4032f3d2823523d28b71b4daf4219,0.4455128205128205,1,1,,,0.0,0.7083333333333334,0.02564102564102564,1.0,0.6666666666666666,0.0,78,17,3.2668154628947215,21,2,0.0,-170.68,2269.93,-0.0752,0.4487
0x5d337908c5116fa5dd9d82b4d59be922c98f6be3,0.4452950724637682,1,1,,,0.0,0.2916666666666667,0.043478260869565216,1.0,1.0,0.3044,46,7,2.2693323869090047,19,3,0.6522,620.87,1350.78,0.5245,0.3214
0xcfd744dcc3051610e03c1822c6c6dce251b9dfe9,0.445,1,1,,,0.0,0.625,0.3333333333333333,1.0,0.3333333333333333,0.19999999999999996,42,15,1.5715553691878181,30,1,0.6,-5.94,62.17,-0.0955,0.5476
0x1bd152e79a27ce1fb01c6dc64d13e7d3c8e2372a,0.4449275362318841,1,1,,,0.0,0.8333333333333334,0.18840579710144928,1.0,0.3333333333333333,0.0,69,20,1.2005757779232618,49,1,0.1818,-22.07,387.3,-0.0577,0.5
0x652efcde631c4f78b1078d2fac1eebe7a1d54a94,0.44485714285714284,1,1,,,0.0,0.5833333333333334,0.1746031746031746,1.0,0.3333333333333333,0.52,63,14,4.210014531685363,14,1,0.76,13.35,199.21,0.067,0.5397
0x17e0504da9a42b1ba021e5e22802f34a42bffe5b,0.44424019607843135,1,1,op_001,146.0,0.0,0.7083333333333334,0.01715686274509804,1.0,0.6666666666666666,0.0,408,17,5.0962397662652945,39,2,0.3415,3715.32,27127.25,0.1434,0.4899
0x4e770221a25d12f260f72302a982ad4bfb6d54cf,0.4441123188405797,1,1,,,0.0,0.9583333333333334,0.016304347826086956,1.0,0.3333333333333333,0.0,368,23,2.493114183263171,61,1,0.3188,737.34,4920.15,0.1601,0.5418
0xe9b72cca6799bd2dd75087ba52d959cd4f4e8030,0.44375,1,1,op_001,146.0,0.0,0.375,0.125,1.0,1.0,0.0,120,9,5.322237817673112,13,4,,2.88,312.45,0.0092,0.8583
0x65f93c0f054db935ed6a254c0ce0e9b3ca624425,0.44333333333333336,1,1,,,0.0,0.4166666666666667,0.06666666666666667,1.0,0.3333333333333333,1.0,30,10,2.4974045718849767,9,1,1.0,42.56,4721.35,0.009,0.9
0xb501e72ba4c48e8de2a92143303506df46f69a53,0.4425179357021997,1,1,,,0.0,0.8333333333333334,0.1116751269035533,1.0,0.3333333333333333,0.09099999999999997,197,20,2.696185360261021,49,1,0.5455,-216.13,2174.2,-0.1001,0.3557
0xb3387757e280d44308a72a3bdbb1b2dc6bb17a24,0.4418560606060606,1,1,op_006,12.0,0.0,0.6666666666666666,0.056818181818181816,1.0,0.6666666666666666,0.0,88,16,4.479717949963732,15,2,0.0,-10.98,88.0,-0.1248,0.7841
0xeb0126d8bafd250f93346dfafc2db823eaf943bb,0.4416274509803922,1,1,op_001,146.0,0.0,0.7916666666666666,0.03529411764705882,1.0,0.3333333333333333,0.28,170,19,2.426535335723078,65,1,0.64,-288.99,3431.08,-0.0851,0.5148
0xae6e78d95239f63f9b488f22d5d156029ce1b4be,0.4411764705882353,1,1,op_001,146.0,0.0,0.375,0.4411764705882353,1.0,0.6666666666666666,0.0,34,9,2.418780383296953,18,2,0.75,-6.23,174.49,-0.0357,0.7941
0x15a1b69d4f48c017af19a49b6b8e9b97d6e55ef3,0.4411368015414258,1,1,,,0.0,0.6666666666666666,0.05202312138728324,1.0,0.6666666666666666,0.0,173,16,2.4517792944485124,79,2,0.3409,17.05,783.07,0.0218,0.9477
0xf075e19a58617573493843e406c0d411311e3f43,0.44107142857142856,1,1,,,0.0,0.625,0.10714285714285714,1.0,0.6666666666666666,0.0,56,15,1.4431298772990053,23,2,0.0,-33.01,702.25,-0.047,0.5536
0x38e2f5d6d1693a365e22b7ca0c715f8d92da2909,0.44100000000000006,1,1,,,0.0,0.375,0.10666666666666667,1.0,1.0,0.0,75,9,1.98365441846885,23,7,0.1429,-20.29,129.12,-0.1689,0.6061
0x82f3458a6a4bec624e692c92d9ed14597f509f82,0.44098333333333334,1,1,,,0.0,0.6666666666666666,0.041666666666666664,1.0,0.6666666666666666,0.014000000000000012,240,16,3.165586483817118,59,2,0.507,0.09,11239.97,0.0,0.3504
0x710dc593d792853f2c103100e7f081ffdaaa02aa,0.43972019464720197,1,1,,,0.0,0.6666666666666666,0.3759124087591241,1.0,0.3333333333333333,0.0,274,16,3.4345515022653577,67,1,0.3385,-28.29,1966.27,-0.0145,0.5311
0x9ffa4f9c3ba1b7e9a13fd6bd202904990a52864c,0.43787878787878787,1,1,,,0.0,0.6666666666666666,0.36363636363636365,1.0,0.3333333333333333,0.0,33,16,1.1705499417002168,27,1,0.0,-10.55,213.46,-0.0517,0.871
0x60d8409b3c6a0ba25fd7eeb1dd41bec723d6f2a6,0.4377659574468086,1,1,,,0.0,0.375,0.0851063829787234,1.0,1.0,0.0,47,9,2.6557472435174785,27,3,,52.72,288.24,0.1829,0.2128
0xd34cd32144ba03dbf47f9d87d0bf0f2f4cb8f04c,0.4376666666666667,1,1,,,0.0,0.8333333333333334,0.14,1.0,0.3333333333333333,0.0,50,20,1.6087904949311715,42,1,0.25,-66.76,158.79,-0.4211,0.5714
0x6cb72f03e61789a735348ce1eec1576fad550664,0.437280701754386,-1,1,,,0.0,0.5416666666666666,0.5263157894736842,1.0,0.3333333333333333,0.0,38,13,0.77743689924007,38,1,1.0,2.66,223.34,0.0119,1.0
0xb449092f841bd6893b21c017d9a3c4e88e211a89,0.43709677419354837,-1,1,,,0.0,0.5,0.5806451612903226,1.0,0.3333333333333333,0.0,31,12,2.57399332930917,29,1,0.0,-7.26,216.2,-0.0336,0.7742
0x01d94480e2a96cdd01fed071878b1adf82e0acd0,0.437,1,1,,,0.0,0.625,0.08,1.0,0.6666666666666666,0.0,50,15,4.8200836869810635,14,2,0.0,36.06,1071.47,0.0413,1.0
0x53bc0618f3358886f0e2f63be0b846a9ac58be7c,0.4368421052631579,1,1,op_001,146.0,0.0,0.625,0.07894736842105263,1.0,0.6666666666666666,0.0,38,15,1.2470481483452682,34,2,0.0,-10.65,845.48,-0.0126,0.7368
0xbdbb6b36474a97757963a40b554a88a222967bb8,0.4365781710914454,1,1,,,0.0,0.8333333333333334,0.13274336283185842,1.0,0.3333333333333333,0.0,113,20,1.7280719969595044,76,1,0.3333,26.74,223.76,0.1195,0.9469
0x331bf91c132af9d921e1908ca0979363fc47193f,0.43614868217054265,1,1,,,0.0,0.4166666666666667,0.20930232558139536,1.0,0.3333333333333333,0.7142,43,10,3.1513438568667977,15,1,0.8571,11.93,562.25,0.0212,0.8333
0xfa28c521b5c2c7c81dd55162cda73e401558c37e,0.4359589041095891,1,1,,,0.0,0.75,0.23972602739726026,1.0,0.3333333333333333,0.0,146,18,2.0627450232467317,35,1,0.4286,-119.64,812.27,-0.1542,0.3333
0x5a218c7ad04135830a45c41aaed7294df7809318,0.43480392156862746,1,1,op_001,146.0,0.0,0.16666666666666666,0.5098039215686274,0.875,1.0,0.0,51,4,1.7988097677263561,7,6,,0.0,127.76,,
0xa768af258c0a13499fd84cd5f1832e2659f10971,0.43478260869565216,1,1,,,0.0,0.875,0.06521739130434782,1.0,0.3333333333333333,0.0,46,21,2.0630704001080784,41,1,1.0,4.2,385.75,0.0112,0.9556
0x3e6e7ce8861f9a28a60f8751541e397b5a07913f,0.4346153846153846,1,1,,,0.0,0.75,0.23076923076923078,1.0,0.3333333333333333,0.0,52,18,2.038550182441412,43,1,1.0,1.3,144.71,0.0097,0.6042
0x901001186a9c9c61bdba0d472ac2c61a1d18df3e,0.43440860215053767,-1,1,op_001,146.0,0.0,0.08333333333333333,0.45161290322580644,1.0,1.0,0.0,31,2,2.4390051580648877,12,7,0.1429,-8.56,66.21,-0.1293,0.1613
0x993fe20a9ecfb7e3c072f7f8c3dcbf87243b35cb,0.4342424242424242,-1,1,op_001,146.0,0.0,0.16666666666666666,0.3393939393939394,1.0,1.0,0.0,165,4,5.828530312412542,20,9,,4.48,1253.98,0.0036,0.8788
0x2084d275ce3dc3f9cd27c32bfae8fd6e82aee384,0.4341836734693878,1,1,,,0.0,0.375,0.061224489795918366,1.0,1.0,0.0,49,9,2.5400504357194724,34,3,0.0,16.64,200.0,0.0832,0.3469
0x9480f51b9222a48d2a431768d392512f6e8c6797,0.4341463414634147,1,1,,,0.0,0.375,0.06097560975609756,1.0,1.0,0.0,82,9,1.9261194734112275,74,3,,-20.53,186.63,-0.1176,0.2
0xba6eac842ba24257266d0ab27643791170e7e245,0.434,1,1,,,0.0,0.625,0.06,1.0,0.6666666666666666,0.0,50,15,1.5173810915830772,39,2,0.0,0.93,184.13,0.005,0.78
0x29de3c62b7b49a2d2a062f93b6e659980a4bd9e6,0.43352893081761007,1,1,,,0.0,0.4583333333333333,0.22641509433962265,1.0,0.3333333333333333,0.579,53,11,5.023561406462329,16,1,0.7895,-25.62,373.1,-0.0687,0.4717
0x784bea8910e02f1d5eb222dac3e31b14ceb2f19e,0.43310810810810807,1,1,op_009,5.0,0.0,0.625,0.05405405405405406,1.0,0.6666666666666666,0.0,37,15,2.5563963412935427,15,2,0.2857,-33.23,208.91,-0.1591,0.3514
0x179955f270c1457d26bdac1b5c3553ccf36f3ca9,0.4330357142857143,1,1,op_006,12.0,0.0,0.625,0.05357142857142857,1.0,0.6666666666666666,0.0,112,15,3.058881015482691,38,2,0.0,0.66,112.0,0.0059,0.8661
0xeae021e8d5fb8e5d1da824b556e188d71251a5f5,0.43303030303030304,1,1,,,0.0,0.8333333333333334,0.10909090909090909,1.0,0.3333333333333333,0.0,55,20,2.043304016449322,55,1,,-55.31,71.31,-0.7756,0.0364
0x50b0b5be14f256bf15c63ae78b33be7214b27dc5,0.432843137254902,1,1,,,0.0,0.5833333333333334,0.4411764705882353,1.0,0.3333333333333333,0.0,34,14,2.2072224053929186,32,1,0.0,9.69,438.85,0.0221,1.0
0x6c1cda5055bd5e6d6268eef3b223e86f57da5650,0.43197674418604654,1,1,,,0.0,0.875,0.046511627906976744,1.0,0.3333333333333333,0.0,43,21,1.1835361357046603,43,1,,15.91,442.49,0.0377,0.9512
0xe66e258e930dc7483e15d7eb47a1baf87ac3601e,0.4319727891156463,1,1,,,0.0,0.3333333333333333,0.10204081632653061,1.0,1.0,0.0,49,8,4.381329825816642,9,3,,24.46,121.64,0.2011,0.3878
0x41fc0db187dee7ff532131126d8d3795e16aa467,0.4317204301075269,1,1,,,0.0,0.16666666666666666,0.3225806451612903,1.0,1.0,0.0,31,4,1.1451738107425566,21,10,,-5.95,187.35,-0.0318,0.9032
0x444cc4040268cdd802ff7120fd4ba8f73b7ed440,0.4316666666666667,1,1,,,0.0,0.4583333333333333,0.6,1.0,0.3333333333333333,0.0,35,11,2.4963435931163604,31,1,,14.18,287.6,0.0493,0.8571
0x5f211a24da4c005d9438a1ea269673b85ed0b376,0.4315217391304348,1,1,,,0.0,0.625,0.043478260869565216,1.0,0.6666666666666666,0.0,46,15,1.609670271992736,39,2,,1.11,116.04,0.011,0.1707
0x46d3b59ae36787b2d563267129066f69a7822c20,0.43125,1,1,,,0.0,0.625,0.041666666666666664,1.0,0.6666666666666666,0.0,48,15,2.138574623604558,8,2,1.0,-2.91,187.1,-0.0155,0.6458
0x2d0fbf6995692cc56f21171a9993be04436a81aa,0.43114576576576574,1,1,op_004,4.0,0.0,0.4166666666666667,0.21621621621621623,1.0,0.6666666666666666,0.15379999999999994,37,10,1.8829134915609431,20,2,0.5769,106.25,9497.89,0.0112,0.5
0xdd704b471041b806b65d04a3b48f5aa953811d06,0.4308219178082192,1,1,op_005,2.0,0.0,0.25,0.2054794520547945,1.0,1.0,0.0,73,6,3.6202450623306217,11,3,,-2.22,672.3,-0.0033,0.9863
0x4f1d5ae26fc31472966e951af3183308736d8de2,0.43061224489795924,1,1,op_001,146.0,0.0,0.25,0.20408163265306123,1.0,1.0,0.0,49,6,1.689441953507138,33,9,,-10.48,457.63,-0.0562,0.9167
0x2dc3aeb8c6ffa49d5fe9ea97f60fbc466a9819e0,0.4303191489361702,1,1,,,0.0,0.25,0.20212765957446807,1.0,1.0,0.0,94,6,4.443658102786214,15,9,,-1.36,284.37,-0.0048,0.6809
0x884215d3f189b3de644d2f1cbfaedd25d4fbdfa7,0.4302631578947368,1,1,,,0.0,0.625,0.03508771929824561,1.0,0.6666666666666666,0.0,57,15,1.6764716188360258,36,2,0.4286,11.38,333.49,0.0376,0.283
0x05204cf3bc1f16e0148ab57d7609e5a99d0dae9b,0.4302083333333333,1,1,op_001,146.0,0.0,0.4166666666666667,0.3125,1.0,0.6666666666666666,0.0,48,10,2.3417544452356065,29,2,0.6667,28.63,312.32,0.0917,0.9375
0xc24307db60e64be7a809f4f461ffd27a4f0b5e94,0.4300995024875622,1,1,,,0.0,0.5833333333333334,0.08955223880597014,1.0,0.6666666666666666,0.0,67,14,3.132827009080929,11,2,,-235.61,1145.66,-0.2057,0.5224
0xfa80a9dd5ad080973b69f5e636d5d371dce937ce,0.43,1,1,,,0.0,0.5833333333333334,0.08888888888888889,1.0,0.6666666666666666,0.0,45,14,3.3677968041172166,21,2,,20.25,5928.03,0.0036,1.0
0x161101872413304de85cabca45620e99337ef0ea,0.4297619047619048,1,1,,,0.0,0.4166666666666667,0.30952380952380953,0.75,1.0,0.0,42,10,3.1214706259027936,6,4,,-1.19,10.4,-0.1148,0.6667
0xd06f9b9147113082f59289e8c0354a08fa306719,0.42957746478873243,1,1,,,0.0,0.875,0.03051643192488263,1.0,0.3333333333333333,0.0,426,21,5.507493410427739,63,1,0.4898,682.62,8933.6,0.0764,0.5211
0x0b37e4dbfd5d1c6347eb4485ab8036721467f13a,0.42947154471544713,-1,1,,,0.0,0.3333333333333333,0.08536585365853659,1.0,1.0,0.0,82,8,7.054990431049224,19,3,0.0,5.28,255.92,0.0206,0.5854
0xef98c81d560325c8a57b9f63adc8ba5cda78b586,0.42926356589147285,1,1,,,0.0,0.7916666666666666,0.13953488372093023,1.0,0.3333333333333333,0.0,43,19,1.3708282989129659,37,1,0.25,-29.79,69.41,-0.4441,0.725
0xeb1d1cd1b31070fb34b1d1de20d700f59c9959b0,0.4291457286432161,-1,0,,,0.0,0.375,0.02763819095477387,1.0,1.0,0.0,398,9,7.272662438459962,174,3,0.0,30.79,12186.76,0.0026,0.9812
0x62a80db8763553295fcfcb94ba54c108f3022132,0.42882882882882883,1,1,,,0.0,0.8333333333333334,0.08108108108108109,1.0,0.3333333333333333,0.0,74,20,1.9292390348737918,59,1,,27.2,1077.3,0.0269,0.6471
0xbe0c5f6b2ace60b1fe4d380c89d72d6d1dfcebae,0.4285294117647059,1,1,,,0.0,0.625,0.023529411764705882,1.0,0.6666666666666666,0.0,85,15,2.4040999945719497,27,2,0.5,20.85,6492.65,0.0032,1.0
0xa6c0e2e49ef104cfa8a51f2a11ed377345064606,0.428525641025641,1,1,,,0.0,0.7916666666666666,0.1346153846153846,1.0,0.3333333333333333,0.0,52,19,1.7567883715000918,16,1,0.5,1.13,852.43,0.0013,0.4808
0xe9b1e78c0e5f3a6054fdeaeeee0a21ddf9b779d7,0.4282608695652174,1,1,,,0.0,0.875,0.021739130434782608,1.0,0.3333333333333333,0.0,46,21,1.353912473155322,30,1,0.6667,-43.8,1011.76,-0.0449,0.7045
0xf787b8a3a4c6990f48614a0b9af8422e3e7a1b63,0.42795358649789034,1,1,op_001,146.0,0.0,0.875,0.01969057665260197,1.0,0.3333333333333333,0.0,711,21,4.392032557277436,108,1,0.3609,3255.47,73677.3,0.0511,0.6169
0xa36bb1e078ea78fe278a7d30c4bab551281a1d89,0.42742424242424243,1,1,,,0.0,0.5416666666666666,0.06060606060606061,1.0,0.3333333333333333,0.6000000000000001,33,13,2.749446556037717,23,1,0.8,10.96,208.16,0.0614,0.3448
0x14420ef5e22bca7eb52942485e0f4d457ca633af,0.42738095238095236,1,1,,,0.0,0.8333333333333334,0.07142857142857142,1.0,0.3333333333333333,0.0,56,20,1.7506625193498169,29,1,0.4545,-14.41,117.08,-0.1231,0.4821
0x2c08671ca12008648a5ff81854cab4b1524e724f,0.4269736842105263,1,1,op_001,146.0,0.0,0.625,0.013157894736842105,1.0,0.6666666666666666,0.0,76,15,2.1736225084318472,28,2,,-47.89,432.51,-0.1107,0.75
0x6a498c2e5f4063e20277f1d16704974dd04059e0,0.4269230769230769,1,1,,,0.0,0.75,0.1794871794871795,1.0,0.3333333333333333,0.0,78,18,2.432986764160372,40,1,0.5,1.68,112.51,0.0164,0.493
0x93a127dc7f7531c36ce1421c8161d2dc1005980e,0.42689393939393944,1,1,,,0.0,0.8333333333333334,0.06818181818181818,1.0,0.3333333333333333,0.0,44,20,0.9422546762895933,22,1,0.6667,-6.91,82.2,-0.0913,0.525
0x142c9a340228b98280db4765666f913871e29ee5,0.4266666666666667,1,1,,,0.0,0.5833333333333334,0.4,1.0,0.3333333333333333,0.0,40,14,2.2068160364838065,24,1,0.5,25.33,65.43,0.3872,0.675
0x47830092e2e8ae9b284a7388872285fc7f2c9860,0.4265151515151515,1,1,,,0.0,0.5416666666666666,0.12121212121212122,1.0,0.6666666666666666,0.0,33,13,1.4207565170654555,28,2,,-3.19,33.0,-0.0966,0.697
0xf114b578bc08e5641d4cbfbb52e6e97b038d6ecc,0.4258503401360544,1,1,,,0.0,0.3333333333333333,0.061224489795918366,1.0,1.0,0.0,49,8,2.1294999798466754,15,3,0.25,48.5,321.32,0.1509,0.7347
0x257981adb4dde0e3a34dc6339ab374a418b7ec02,0.4258310144927537,1,1,,,0.0,0.5833333333333334,0.10869565217391304,1.0,0.3333333333333333,0.4286000000000001,46,14,3.0753253325053804,18,1,0.7143,2.3,249.76,0.0092,0.3696
0x2936f9f863ba7325e283173710c5bd7762f26c5f,0.4254901960784314,1,1,,,0.0,0.3333333333333333,0.058823529411764705,1.0,1.0,0.0,34,8,2.3698425124870015,20,4,,-48.36,259.68,-0.1862,0.2059
0xc7324a8d3498e9fba1a0622b8aa1bd54449a45b3,0.42500000000000004,1,1,,,0.0,0.2916666666666667,0.1111111111111111,1.0,1.0,0.0,36,7,1.9257499353238976,12,3,0.6667,-12.43,135.7,-0.0916,0.6389
0xd39ae3a728fdeab65433c9b1f4c35e32503e94f0,0.42500000000000004,1,1,,,0.0,0.5833333333333334,0.05555555555555555,1.0,0.6666666666666666,0.0,54,14,1.566130195173784,41,2,0.0,-26.04,95.16,-0.2736,0.2593
0x67e9563d8df4ae79950d629ff23f056140bb7827,0.425,1,1,,,0.0,0.8333333333333334,0.05555555555555555,1.0,0.3333333333333333,0.0,72,20,2.081945916172993,51,1,0.75,31.85,113.35,0.2945,0.5362
0xb1445dc59cc7f144588f32bee661a734487a2c8c,0.42454545454545456,1,1,,,0.0,0.75,0.16363636363636364,1.0,0.3333333333333333,0.0,55,18,1.8350571977500751,21,1,,20.22,170.57,0.1331,0.6226
0x3dd1cf0515af12542488af04388404fb056e557e,0.42451923076923076,1,1,,,0.0,0.75,0.16346153846153846,1.0,0.3333333333333333,0.0,104,18,2.702669028811417,31,1,0.4054,-344.01,1598.09,-0.2165,0.3786
0x1f127e31717c8d74232fc4d5693e9236b49c9424,0.4244012121212121,1,1,,,0.0,0.7083333333333334,0.03636363636363636,1.0,0.3333333333333333,0.27279999999999993,55,17,2.6722672246385697,23,1,0.6364,198.95,1797.27,0.1107,0.4545
0xa3282d3e882501229c75d0caf134e62e3afb4977,0.4241935483870968,1,1,,,0.0,0.25,0.16129032258064516,1.0,1.0,0.0,62,6,3.02436163727853,34,9,,-25.9,2443.64,-0.0106,0.9355
0x5201cee493c5c30b206aee64fd9d67db0b2934c3,0.4240049751243781,1,1,,,0.0,0.7916666666666666,0.1044776119402985,1.0,0.3333333333333333,0.0,67,19,2.2944626437333957,23,1,0.0,35.99,3356.24,0.0107,1.0
0xfd64529b460989f4933ee89d548e8daec447877c,0.4236876640419947,1,1,,,0.0,0.7916666666666666,0.10236220472440945,1.0,0.3333333333333333,0.0,127,19,2.0173507615617274,32,1,,-26.86,275.26,-0.0976,0.4961
0x48180cfe026031c280ebdea2acad996867cde5de,0.4236842105263158,1,1,,,0.0,0.5,0.15789473684210525,1.0,0.6666666666666666,0.0,38,12,1.137360573061257,35,2,0.2857,26.19,126.38,0.2996,0.7273
0xe7329fbc1a37a5ffdae5adc815d3840064921613,0.42364864864864865,1,1,,,0.0,0.375,0.32432432432432434,1.0,0.6666666666666666,0.0,37,9,2.1841192202058544,14,2,,-7.67,54.07,-0.1418,0.6216
0x4eab8f099131be6f994d2ed299d565a36a673b41,0.4235507246376811,1,1,,,0.0,0.7916666666666666,0.10144927536231885,1.0,0.3333333333333333,0.0,69,19,3.6673551623881324,21,1,0.0,-14.9,103.08,-0.1445,0.4058
0x27559335c14d02fe3c070d78b04fefe7d2576eac,0.4231884057971015,1,1,op_001,146.0,0.0,0.5833333333333334,0.043478260869565216,1.0,0.6666666666666666,0.0,46,14,2.213337925968736,19,2,0.0,-11.46,331.42,-0.0346,0.7609
0x1d3075be966366fbb375341fe360f26956f491d6,0.42213178294573644,1,1,,,0.0,0.7083333333333334,0.06976744186046512,1.0,0.3333333333333333,0.19999999999999996,43,17,1.6355277099309693,11,1,0.6,-18.97,1010.07,-0.0188,0.4884
0x96c444be3b24552a514507c3032c6b2dd886e168,0.4220430107526882,1,1,,,0.0,0.6666666666666666,0.25806451612903225,1.0,0.3333333333333333,0.0,31,16,1.7856355039926488,25,1,0.5,-22.66,1038.76,-0.0252,0.963
0x8ead02ce460b8173074db5f350a7d4d39ee5f333,0.4212365591397849,1,1,,,0.0,0.7916666666666666,0.08602150537634409,1.0,0.3333333333333333,0.0,93,19,3.031793761568858,15,1,1.0,620.27,1336.38,0.4641,0.7634
0xdbf2d28b6ae27e75032c78af807936863a30f9f6,0.42095238095238097,1,1,op_001,146.0,0.0,0.5833333333333334,0.02857142857142857,1.0,0.6666666666666666,0.0,35,14,1.2919180735096465,16,2,,-9.4,73.75,-0.1274,0.6857
0xb3052a3a18613e8a3b310d8b28b7c96fbc913b41,0.42083333333333334,1,1,,,0.0,0.5416666666666666,0.08333333333333333,1.0,0.6666666666666666,0.0,36,13,1.5945129283414845,15,2,,7.96,60.75,0.1311,0.7222
0x213e1deb37695fb513e1110e6506220c37a75e0f,0.4201426024955437,1,1,op_001,146.0,0.0,0.4583333333333333,0.18983957219251338,1.0,0.6666666666666666,0.0,374,11,6.161230745083328,18,2,0.2625,-34.56,2677.51,-0.0135,0.4698
0xcf90817e46ec2098f1b1f4f5192db8adf64062b9,0.42,1,1,,,0.0,0.625,0.3,1.0,0.3333333333333333,0.0,30,15,1.107801382001311,23,1,0.0,-10.9,167.28,-0.0699,0.7143
0x26c4974923dc65d278cf8ac19518bbe080117ccc,0.419811320754717,1,1,,,0.0,0.75,0.1320754716981132,1.0,0.3333333333333333,0.0,53,18,1.5520960140510764,16,1,0.3333,-4.91,90.57,-0.0542,0.5283
0xf3d266c89086a6d58d033c1247aae1a2949c6efc,0.41958333333333336,1,1,,,0.0,0.7916666666666666,0.075,1.0,0.3333333333333333,0.0,40,19,1.313361217583466,27,1,0.75,24.16,362.45,0.0702,0.2812
0x5243207260054cabe7e9f0063951aae63a91e40e,0.41948051948051945,1,1,op_001,146.0,0.0,0.5,0.12987012987012986,1.0,0.6666666666666666,0.0,77,12,3.4543248830544053,11,2,,2.95,117.71,0.0251,0.7792
0x758df9f96b91e0fc9caf668a832c55b562fd9548,0.4193627450980392,1,1,,,0.0,0.7916666666666666,0.07352941176470588,1.0,0.3333333333333333,0.0,68,19,1.6786753666025065,32,1,0.4,5.19,124.67,0.0429,0.5538
0x1cffa9779734e48e48d1b3cb34a128731fffe0b6,0.41875000000000007,1,1,,,0.0,0.25,0.125,1.0,1.0,0.0,32,6,1.1765850477340907,32,3,,-60.94,143.6,-0.4394,0.1481
0xc8a4f72049aa2a24d5ca295c9c55288544d6fc0b,0.4175170068027211,1,1,,,0.0,0.5416666666666666,0.061224489795918366,1.0,0.6666666666666666,0.0,49,13,1.9234962315034636,46,2,,1.73,97.0,0.0178,0.6122
0xeb07e775f08b2ed34cc51d801994aae56c145b0f,0.4174242424242424,1,1,,,0.0,0.5416666666666666,0.06060606060606061,1.0,0.6666666666666666,0.0,33,13,2.2748460997459987,14,2,0.2308,-0.27,46.41,-0.0059,0.4545
0x1230a195c189558426f54de67f495a5258408e43,0.4167840375586854,1,1,op_002,4.0,0.0,0.5416666666666666,0.056338028169014086,1.0,0.6666666666666666,0.0,142,13,3.971635321358003,23,2,,-67.37,827.28,-0.0814,0.831
0xdecc9db326de1c8b6861df9535d060fcd8927be8,0.4166666666666667,1,1,,,0.0,0.7916666666666666,0.05555555555555555,1.0,0.3333333333333333,0.0,36,19,2.0216917765180393,19,1,0.0,1.01,75.04,0.0135,0.5
0xbc8060eecaa89b302acda293eef5140c873f56a7,0.41653645833333336,-1,1,,,0.0,0.7916666666666666,0.0546875,1.0,0.3333333333333333,0.0,128,19,3.6990348026776343,82,1,1.0,-184.11,184.11,-1.0,0.0
0x81035115a389a085e36255e5cb9b9ab8ee3723a1,0.41651333333333335,1,1,,,0.0,0.7083333333333334,0.044444444444444446,1.0,0.3333333333333333,0.18179999999999996,135,17,2.893023806946397,56,1,0.5909,-165.59,1143.19,-0.1449,0.2519
0x66c6be0d0ead3d6e9ef249c8e529465f24d2ffa9,0.4163636363636364,1,1,op_006,12.0,0.0,0.5,0.10909090909090909,1.0,0.6666666666666666,0.0,55,12,2.5413973801398173,17,2,,-3.43,57.55,-0.0596,0.7818
0x6de1ce34456fc08f8236778467a513cc5fc85301,0.4162162162162162,1,1,,,0.0,0.5,0.10810810810810811,1.0,0.6666666666666666,0.0,37,12,3.814518279925019,15,2,,4.16,48.25,0.0862,0.9459
0x73e780f4b97209e80f6b9e04e460591adf418b59,0.4158823529411765,1,1,,,0.0,0.5,0.10588235294117647,1.0,0.6666666666666666,0.0,85,12,2.7098936906250524,43,2,0.5,45.0,470.28,0.0996,0.4634
0xe1a757b1ff951e9fe9a7c7347596274325c89c23,0.41578947368421054,1,1,,,0.0,0.75,0.10526315789473684,1.0,0.3333333333333333,0.0,133,18,3.1851078059795297,45,1,0.5,85.74,2659.85,0.0322,0.4135
0x1631860a7c6a9abd3585feb37e5a7d9ab8a1e954,0.41578947368421054,1,1,,,0.0,0.75,0.10526315789473684,1.0,0.3333333333333333,0.0,38,18,1.7144671239074887,18,1,,-6.05,42.47,-0.1497,0.5
0x3e287751e34e1e87ea6398ff9b423061ee0d4983,0.4151515151515151,1,1,,,0.0,0.7916666666666666,0.045454545454545456,1.0,0.3333333333333333,0.0,66,19,2.1148559894628054,54,1,0.5,11.75,700.87,0.0171,0.7077
0xde2a77829987177d762df5d7c4921b61a63dfac1,0.41510416666666666,1,1,,,0.0,0.7083333333333334,0.15625,1.0,0.3333333333333333,0.0,32,17,1.408322079074247,14,1,0.0,1.98,508.21,0.0039,0.4375
0x325e65535b067012fa66fbb5e0f62b5fe0c15308,0.4144230769230769,1,1,,,0.0,0.5,0.09615384615384616,1.0,0.6666666666666666,0.0,52,12,1.455031898243168,24,2,0.4,-11.92,283.78,-0.0462,0.4898
0xf5da52f3dcfb924e06fde8d5948ad477e7fe27b7,0.4144030303030303,1,1,,,0.0,0.4583333333333333,0.09090909090909091,1.0,0.6666666666666666,0.09099999999999997,44,11,3.99456870662088,10,2,0.5455,36.68,656.05,0.0559,0.5455
0xad42a6cd7cabd0657fa3e24e2fbc0b642a9ac918,0.4128787878787879,1,1,,,0.0,0.7916666666666666,0.030303030303030304,1.0,0.3333333333333333,0.0,66,19,2.2746411162987292,20,1,0.3333,6.41,865.02,0.0087,0.4259
0x2eef3a18bc771827af0649a81aa54148a8e8eaca,0.4127450980392157,-1,1,,,0.0,0.4166666666666667,0.5294117647058824,1.0,0.3333333333333333,0.0,34,10,1.2560443660523966,30,1,1.0,-5.1,72.29,-0.0706,0.3235
0x404f12a10b2d2ea267023a97299b3690df13f2a1,0.41260162601626016,1,1,,,0.0,0.16666666666666666,0.1951219512195122,1.0,1.0,0.0,41,4,2.764430969882078,32,6,,-72.11,770.74,-0.0936,0.9756
0x3d4def6d334218ebe60c65af5b72487a86617fdb,0.41257333333333335,1,1,,,0.0,0.2916666666666667,0.06666666666666667,0.625,1.0,0.6923999999999999,30,7,3.4117391636472885,5,3,0.8462,1.9,184.93,0.0103,0.4
0xe2179fcf99f4ba76092716110e1c87229bcf9cbd,0.4125,1,1,op_006,12.0,0.0,0.5,0.08333333333333333,1.0,0.6666666666666666,0.0,48,12,2.0645995216584727,20,2,,-6.87,48.0,-0.1431,0.6667
0x466ca4b0f5eadf1f58dc3d037bd364bada2905f0,0.41235632183908044,1,1,,,0.0,0.4583333333333333,0.13793103448275862,1.0,0.6666666666666666,0.0,58,11,3.702985938218653,16,2,0.3333,-10.65,84.12,-0.1361,0.7273
0xdbc4b55d87334263e9695071070b085de98635e3,0.4123156342182891,1,1,,,0.0,0.5416666666666666,0.02654867256637168,1.0,0.6666666666666666,0.0,113,13,5.253838925605201,14,2,,-124.19,741.17,-0.1676,0.4867
0xaa37cd67919ba9a1ef9d44157cbfca373e48d346,0.4122549019607843,-1,1,,,0.0,0.20833333333333334,0.47058823529411764,1.0,0.6666666666666666,0.0,51,5,1.3964954519281125,50,2,0.2632,9.86,3705.13,0.0029,1.0
0x2dbae7438b292f52f79091cdf5fc83169de45b01,0.41224489795918373,1,1,op_001,146.0,0.0,0.25,0.08163265306122448,1.0,1.0,0.0,98,6,2.8134241478697444,12,7,,-33.57,216.58,-0.155,0.6327
0x4a36bf39d1f6eed59592c4e136ce975ed00227be,0.41203703703703703,1,1,,,0.0,0.7916666666666666,0.024691358024691357,1.0,0.3333333333333333,0.0,81,19,1.9356888168792934,69,1,0.25,48.26,2498.46,0.0202,0.9481
0xb34d8f3bd39e00f7a32600fe0ef35e48e3f4e1bd,0.4115942028985507,1,1,op_001,146.0,0.0,0.7916666666666666,0.021739130434782608,1.0,0.3333333333333333,0.0,184,19,3.4395898654103525,26,1,0.25,-57.36,563.32,-0.1018,0.5272
0xf6c3955366511ad8d06b7017e5f65152deea5928,0.4114583333333333,1,1,,,0.0,0.6666666666666666,0.1875,1.0,0.3333333333333333,0.0,48,16,2.8541006747646724,13,1,0.1765,33.16,7589.04,0.0047,0.8043
0x8327086e3e0ffed7dd41711b139a0d4f8afb577d,0.41141304347826085,1,1,,,0.0,0.5,0.07608695652173914,1.0,0.6666666666666666,0.0,92,12,3.192592260014155,30,2,1.0,-126.78,815.02,-0.1555,0.3913
0x131d1514d3453bd0958fc6340bbfbd9e80652a50,0.41096491228070176,1,1,,,0.0,0.4166666666666667,0.18421052631578946,1.0,0.6666666666666666,0.0,38,10,2.2429466034465713,12,2,,11.36,3012.82,0.0038,1.0
0x03805a13a0b3e058f55f6c6af95389d4f431073d,0.41075757575757577,1,1,op_001,146.0,0.0,0.20833333333333334,0.12727272727272726,1.0,1.0,0.0,55,5,0.901266909231196,11,10,,0.0,444.96,,
0x1ef6c4dfb566b63060010b0c22a7c1cf334e1174,0.4104166666666667,1,1,,,0.0,0.7083333333333334,0.125,1.0,0.3333333333333333,0.0,32,17,2.351321463142658,16,1,0.3333,0.56,36.98,0.0248,0.5
0x3b827225ca3163c5e5904e426f44595a433eb217,0.41021505376344086,1,1,,,0.0,0.5833333333333334,0.2903225806451613,1.0,0.3333333333333333,0.0,31,14,1.2248076955227836,28,1,1.0,6.26,79.13,0.082,0.7
0xad71892d61bfa41d75a50d1aa838d91fae6305cd,0.41,1,1,,,0.0,0.5,0.06666666666666667,1.0,0.6666666666666666,0.0,30,12,2.0054250947207697,14,2,0.3333,-65.33,177.95,-0.3671,0.3333
0xbb1af6fc4f5f5c7a96b9a5463e197544b3511e6d,0.4095744680851064,1,1,,,0.0,0.75,0.06382978723404255,1.0,0.3333333333333333,0.0,47,18,1.453488211371067,40,1,0.4444,25.69,115.54,0.2264,0.5652
0x06aee0ecab8f1b205185559b38fae5ffb5100a09,0.4091954022988506,1,1,,,0.0,0.6666666666666666,0.1724137931034483,1.0,0.3333333333333333,0.0,58,16,3.229261697090937,34,1,0.1429,22.75,1608.08,0.0152,0.9464
0x8fb431f5057112cfdb0e7f566b4b687cb69cb9ed,0.408768115942029,1,1,,,0.0,0.4166666666666667,0.036231884057971016,1.0,0.6666666666666666,0.19999999999999996,138,10,4.941679719113825,35,2,0.6,1055.64,3133.06,0.3369,0.471
0x7ce736a46ac6b6729b0cf29070a9317bb20acfaa,0.4085714285714286,1,1,,,0.0,0.25,0.05714285714285714,1.0,1.0,0.0,35,6,2.168753652893266,11,4,,-47.93,47.93,-1.0,0.0
0xc33aa629ee808891bc3478f5203fe1b8d4befae1,0.40834000000000004,1,1,,,0.0,0.5833333333333334,0.05555555555555555,1.0,0.3333333333333333,0.3333999999999999,36,14,1.0250063444787265,17,1,0.6667,-109.63,562.31,-0.195,0.5
0x6191d8150e672aa5abf3f50da4cafe2491eb9e5e,0.40822736842105267,1,1,,,0.0,0.625,0.12631578947368421,1.0,0.3333333333333333,0.14280000000000004,95,15,1.8379534064970373,58,1,0.5714,6.46,2288.43,0.0031,0.9556
0x6086b18f3f8d4f4579a7627d97ea1a4984e8a5f9,0.4078828828828829,1,1,,,0.0,0.4583333333333333,0.10810810810810811,1.0,0.6666666666666666,0.0,37,11,1.6843152057806023,26,2,0.25,18.02,1006.93,0.0191,0.9091
0xf585592265adc38f7a9a5036b0f252d28dd59063,0.4077586206896552,1,1,,,0.0,0.5,0.05172413793103448,1.0,0.6666666666666666,0.0,58,12,2.8246460533090314,17,2,0.24,33.62,69.44,0.4842,0.569
0xc44cbea0ef42f986b5b9b77caa6f1aebb9c148a4,0.40666666666666673,-1,1,op_001,146.0,0.0,0.20833333333333334,0.1,1.0,1.0,0.0,40,5,2.0374789642275464,16,11,0.0,-0.89,251.14,-0.0035,0.875
0x8d84fbc5428d6cef9642b5c0c6f4ab26d7a3cf8e,0.4066666666666667,1,1,,,0.0,0.75,0.044444444444444446,1.0,0.3333333333333333,0.0,45,18,1.649813359565779,15,1,0.0,1.23,373.68,0.0034,0.5122
0x5e69a26c8ca0c9c7ca1867d7d255b0fbb7befecc,0.4066666666666666,1,1,,,0.0,0.3333333333333333,0.26666666666666666,1.0,0.6666666666666666,0.0,30,8,2.896422412203893,13,2,,-28.25,700.17,-0.0403,0.9333
0x879e6258a457198c989f1e58628678a847e8e339,0.4065686274509804,1,1,,,0.0,0.4166666666666667,0.08823529411764706,1.0,0.3333333333333333,0.6000000000000001,34,10,1.6819628171871328,23,1,0.8,144.65,1387.31,0.1043,0.7353
0xe69356b5de5084669dde82507f34c6f8782fdd17,0.40642848484848487,1,1,,,0.0,0.5833333333333334,0.05454545454545454,1.0,0.3333333333333333,0.3158000000000001,55,14,2.2016750885397625,16,1,0.6579,918.17,3386.05,0.3176,0.6809
0xf61accb8c244a09d499d59982e73d0e953085e39,0.4063380281690141,1,1,op_001,146.0,0.0,0.5,0.04225352112676056,1.0,0.6666666666666666,0.0,71,12,3.057867906116865,16,2,,-0.83,144.51,-0.0057,0.8592
0x31dc82b045945e99704047f084f18e94a3c1ce99,0.4054744525547445,1,1,,,0.0,0.75,0.0364963503649635,1.0,0.3333333333333333,0.0,137,18,2.855744895125854,62,1,0.4211,-270.5,1599.56,-0.1691,0.4453
0xa819bad20460f08b662827894dddd44348785062,0.40530303030303033,1,1,,,0.0,0.7083333333333334,0.09090909090909091,1.0,0.3333333333333333,0.0,44,17,1.4371656390435588,23,1,,-9.58,83.63,-0.1231,0.4878
0xeb30be9d92078241873fa2ee99c19553cdfe1631,0.4052631578947369,-1,1,,,0.0,0.25,0.03508771929824561,1.0,1.0,0.0,57,6,2.543236550617743,17,16,,-47.46,72.42,-0.6554,0.1228
0xb3d709c0118b4925318abf0c7d5d0699ebc3e878,0.4051136363636364,1,1,,,0.0,0.75,0.03409090909090909,1.0,0.3333333333333333,0.0,88,18,2.0531935065641065,22,1,,78.86,2756.73,0.0286,0.5114
0x0f37cb80dee49d55b5f6d9e595d52591d6371410,0.4046153846153846,1,1,,,0.0,0.5,0.03076923076923077,1.0,0.6666666666666666,0.0,65,12,5.14592910570642,20,2,0.4857,7.4,16983.02,0.0005,0.4681
0xb2535a5352b9cdf32295cb0478da5b98a709563d,0.40350877192982454,1,1,op_008,3.0,0.0,0.4583333333333333,0.07894736842105263,1.0,0.6666666666666666,0.0,38,11,1.5278318045635781,9,2,,-16.76,51.87,-0.3232,0.1842
0xfb511c095f69700727ee6aee91b30bb87fefb1b2,0.4026315789473684,1,1,,,0.0,0.625,0.18421052631578946,1.0,0.3333333333333333,0.0,38,15,1.5032615965914102,25,1,0.5,6.0,169.17,0.0362,0.6216
0x087832036d877284a544d4b4d45bc0ce27a97b50,0.40221354166666673,1,1,,,0.0,0.7083333333333334,0.0703125,1.0,0.3333333333333333,0.0,128,17,2.5074140023439133,55,1,,67.68,9032.0,0.0081,0.8407
0x293032d942c44fdeba7583140adca866bf0a3666,0.4009803921568627,1,1,,,0.0,0.6666666666666666,0.11764705882352941,1.0,0.3333333333333333,0.0,34,16,1.2980186200463848,34,1,0.5,20.38,214.96,0.102,0.6667
0xe3c3c6d4e9104f5734aead1717718667a23cac62,0.4009615384615384,1,1,,,0.0,0.625,0.17307692307692307,1.0,0.3333333333333333,0.0,52,15,1.9348670803400552,34,1,0.0,105.83,13446.49,0.0079,0.8269
0x9977d9101e83844ccf1816b1d4ba3b1227907883,0.4009234108527131,1,1,,,0.0,0.3333333333333333,0.046511627906976744,1.0,0.6666666666666666,0.27279999999999993,43,8,1.7756463100784983,19,2,0.6364,5.84,300.91,0.0194,0.7907
0xf8ca8dc9720b5b73284b4091b2f519591e14ccde,0.40058997050147493,1,1,,,0.0,0.6666666666666666,0.11504424778761062,1.0,0.3333333333333333,0.0,113,16,3.2110393435642393,24,1,,-82.53,975.87,-0.0846,0.3628
0x4de28b70b6392950f3743a995873799a1587978e,0.4004237288135593,1,1,,,0.0,0.625,0.1694915254237288,1.0,0.3333333333333333,0.0,59,15,3.532431217411226,28,1,0.4,-6.36,584.16,-0.0109,0.4746
0x365a97603c9793110ea4048ab7b2a02d343dc6c8,0.39999999999999997,1,1,,,0.0,0.6666666666666666,0.1111111111111111,1.0,0.3333333333333333,0.0,45,16,4.039891809412466,31,1,,4.73,276.45,0.0209,0.9487
0x9edee56dc4713c176c507106d478555add089e87,0.39999999999999997,1,1,,,0.0,0.625,0.16666666666666666,1.0,0.3333333333333333,0.0,30,15,2.3143414330958496,13,1,0.2857,17.33,1776.67,0.0167,1.0
0xbd0d0c4bfc88dad382674c9d5ae483dae8261fb4,0.39851190476190473,1,1,,,0.0,0.5416666666666666,0.26785714285714285,1.0,0.3333333333333333,0.0,56,13,2.8724267150500373,28,1,1.0,37.24,484.27,0.0769,0.4643
0x41bb65e289ee0482796b068cfffdb476af99b420,0.3983333333333333,1,1,op_003,15.0,0.0,0.4166666666666667,0.1,1.0,0.6666666666666666,0.0,40,10,2.272193482150553,10,2,0.5,-3.99,55.23,-0.0723,0.525
0xe9076a87c5ed90ef16e6fe6529c943baeca0cff6,0.39818840579710146,1,1,,,0.0,0.7083333333333334,0.043478260869565216,1.0,0.3333333333333333,0.0,46,17,1.9324385037223595,26,1,0.5,-289.19,552.79,-0.5366,0.3864
0xfb856c10a70b831a4f3e200cbca46bdde1c7f401,0.39738095238095245,1,1,,,0.0,0.5833333333333334,0.07142857142857142,1.0,0.3333333333333333,0.19999999999999996,42,14,1.7994492236935544,25,1,0.6,-146.91,478.52,-0.338,0.2308
0x79697d33ec1c567573ea006d89439468d5b09fec,0.396969696969697,1,1,,,0.0,0.6666666666666666,0.09090909090909091,1.0,0.3333333333333333,0.0,33,16,1.3296505324366503,13,1,,9.57,139.46,0.0686,0.3939
0x7f3464fa07880a46e027644412aadd315e24f96a,0.39666666666666667,-1,1,,,0.0,0.08333333333333333,0.2,1.0,1.0,0.0,30,2,2.6425579206254834,12,5,,-0.09,38.38,-0.0023,0.8667
0xecc687f502c370c015d75e17b9a4e0db5edb55bf,0.39658469945355196,1,1,op_006,12.0,0.0,0.7083333333333334,0.03278688524590164,1.0,0.3333333333333333,0.0,61,17,2.5899610716520556,29,1,0.0,2.29,436.86,0.0052,0.5574
0x784aa99232ed0e1ff93588b794158bf0879e06c3,0.39642857142857146,1,1,,,0.0,0.7083333333333334,0.031746031746031744,1.0,0.3333333333333333,0.0,63,17,3.274357240670387,26,1,0.48,-10.94,10707.73,-0.001,0.5079
0xd676535f347c3be8a531bf08ff1bd417c530a859,0.3961904761904762,-1,1,,,0.0,0.4166666666666667,0.08571428571428572,1.0,0.6666666666666666,0.0,35,10,4.689710669106441,12,2,1.0,6.68,607.63,0.0132,1.0
0x351a53e95f06f207b8878f4b0d1ff7635556f836,0.3956896551724138,1,1,,,0.0,0.625,0.13793103448275862,1.0,0.3333333333333333,0.0,116,15,2.037164751402145,61,1,0.0,-74.66,964.09,-0.0774,0.431
0x47cfcf1518e2cd8bb95904f96aff2a6edee55732,0.39517543859649124,1,1,,,0.0,0.6666666666666666,0.07894736842105263,1.0,0.3333333333333333,0.0,38,16,2.297317883325408,25,1,0.0,33.21,314.6,0.146,0.9355
0x85444c21a1aa44f9839b814273d37fddf4c6bd34,0.39473684210526316,1,1,,,0.0,0.625,0.13157894736842105,1.0,0.3333333333333333,0.0,76,15,1.9485276719422306,63,1,0.2,2.32,1149.13,0.0021,0.9867
0x4167933f6c0f059765b5c8898d44cc342af6f99a,0.3943548387096774,1,1,,,0.0,0.625,0.12903225806451613,1.0,0.3333333333333333,0.0,31,15,0.9106084136994645,25,1,0.0,-78.9,205.53,-0.4498,0.5517
0x74ca5c377300386d77db9f007bfbd6947a0f690d,0.3939837398373984,1,1,,,0.0,0.5833333333333334,0.04878048780487805,1.0,0.3333333333333333,0.19999999999999996,41,14,2.148424636518797,18,1,0.6,7.91,2041.71,0.0039,1.0
0xf430f2442b0e3f62addae0dfb8fa501f9b85f3c2,0.3938498924731183,1,1,,,0.0,0.3333333333333333,0.41935483870967744,1.0,0.3333333333333333,0.14280000000000004,31,8,4.439084315075755,11,1,0.5714,30.49,243.33,0.1352,0.6071
0x31646b754f77b973910e7376b7015cb81fe83c65,0.3937984496124031,1,1,,,0.0,0.6666666666666666,0.06976744186046512,1.0,0.3333333333333333,0.0,43,16,2.1055826056311826,23,1,0.0,5.98,659.27,0.0099,0.4865
0xe0084a5ec897ad98e9d611f12de2406d82fdf7d3,0.39375,1,1,op_003,15.0,0.0,0.375,0.125,1.0,0.6666666666666666,0.0,32,9,2.8223096932162446,11,2,0.4,-32.3,88.8,-0.4182,0.931
0x934529caf42149f1827010e30dbc98b3d5e4b1b1,0.39375,1,1,,,0.0,0.375,0.125,1.0,0.6666666666666666,0.0,32,9,3.9021446128817767,14,2,1.0,-8.83,34.47,-0.2561,0.3438
0xd136ed5000ed91439fea3f4530c969ef81e1ef46,0.3931159420289855,1,1,,,0.0,0.4166666666666667,0.06521739130434782,1.0,0.6666666666666666,0.0,46,10,2.7263114006726217,11,2,0.5,-223.95,473.83,-0.4726,0.5
0x3ac04c0e5f8624855075daf0f949044f209cace0,0.39299999999999996,1,1,,,0.0,0.625,0.12,1.0,0.3333333333333333,0.0,50,15,1.7985444785089078,21,1,0.5,25.34,546.08,0.0671,0.5349
0xcd90fe632f3068abe89a15503a22c364db494bfc,0.3929233333333333,1,1,,,0.0,0.4166666666666667,0.175,1.0,0.3333333333333333,0.3333999999999999,40,10,1.6991732356865379,18,1,0.6667,-22.26,192.14,-0.1159,0.375
0xe98bb7e069011cfa14e07f271ffc9e4391c3626a,0.3929144680851064,1,1,,,0.0,0.5,0.06382978723404255,1.0,0.3333333333333333,0.3333999999999999,47,12,4.121685961162216,14,1,0.6667,-7.19,1269.69,-0.0057,0.5957
0xae5b6ac72d429e5df44fd68f946a52140b88ab1b,0.39094202898550723,1,1,,,0.0,0.2916666666666667,0.21739130434782608,1.0,0.6666666666666666,0.0,46,7,1.5096562255222763,37,2,0.1818,11.15,3783.75,0.0033,1.0
0xda58787f4cdf052a58c7c560cf8acbe4a4e64e79,0.3906504065040651,1,1,,,0.0,0.6666666666666666,0.04878048780487805,1.0,0.3333333333333333,0.0,41,16,2.627459075629875,32,1,0.25,23.1,324.92,0.0711,0.3902
0x1d5072ffc476e7bdc2642f7ef62858a4d97a5e9c,0.3904761904761905,1,1,,,0.0,0.6666666666666666,0.047619047619047616,1.0,0.3333333333333333,0.0,42,16,1.5240013471381801,15,1,0.6667,1.95,33.23,0.0588,0.5
0x92636cc79bc9e3823a6791964ab61369ff611999,0.3902564102564103,1,1,,,0.0,0.6666666666666666,0.046153846153846156,1.0,0.3333333333333333,0.0,65,16,4.694510242404276,21,1,0.3333,-75.03,96.88,-0.7999,0.2063
0xaa7a74b8c754e8aacc1ac2dedb699af0a3224d23,0.38999999999999996,1,1,,,0.0,0.6666666666666666,0.044444444444444446,1.0,0.3333333333333333,0.0,45,16,2.5470395190008026,22,1,0.1111,52.75,2445.7,0.022,0.4419
0x96467abb6b5b000e58198d27502544b85682d98d,0.38983516483516484,-1,1,,,0.0,0.125,0.0989010989010989,1.0,1.0,0.0,91,3,4.645196558088855,18,10,,-2.95,315.56,-0.0094,0.5495
0xe0d24be6557b19eb27b1ebcce6f8b609de457222,0.38958333333333334,1,1,,,0.0,0.5416666666666666,0.20833333333333334,1.0,0.3333333333333333,0.0,48,13,2.024758686397623,26,1,0.0,12.14,117.13,0.11,0.4783
0x63adda169ca8f3311b361e3e7dc1a98fa882c072,0.38958333333333334,1,1,op_003,15.0,0.0,0.4166666666666667,0.041666666666666664,1.0,0.6666666666666666,0.0,48,10,2.876793062468574,10,2,0.0,23.44,6257.92,0.0037,0.8333
0x907559bfa357774f7c44835d8fe3ca484e99cfe8,0.3893939393939394,1,1,,,0.0,0.5833333333333334,0.15151515151515152,1.0,0.3333333333333333,0.0,33,14,1.981928017488461,30,1,,-7.62,26.46,-0.2912,0.0312
0xc018b5920e19a8c5635da081e5abb88a3aa4b251,0.38846,1,1,,,0.0,0.4166666666666667,0.1111111111111111,1.0,0.3333333333333333,0.38460000000000005,36,10,2.3222271855001857,16,1,0.6923,29.54,265.9,0.1111,0.3889
0x881713021866ab84467b2b552b6cd7a51ac9cda8,0.38797935103244835,1,1,,,0.0,0.6666666666666666,0.030973451327433628,1.0,0.3333333333333333,0.0,226,16,2.951212721130893,75,1,0.3333,380.82,47584.74,0.0085,0.7736
0x476d92993c0d34768217939ccbf9403c12eaceec,0.3877450980392157,1,1,,,0.0,0.4166666666666667,0.029411764705882353,1.0,0.6666666666666666,0.0,34,10,3.043732688453707,26,2,0.0,-67.06,76.79,-0.8889,0.0312
0x2cf287d3e32578371c0dca03ba6ae8c112b5fcec,0.3875,1,1,,,0.0,0.6666666666666666,0.027777777777777776,1.0,0.3333333333333333,0.0,36,16,1.5765882732721417,18,1,0.5,95.55,3228.35,0.0296,0.5556
0x68cf12e1d34ab9cc170a79b035c1bbda3c1a9b9c,0.38729508196721313,1,1,,,0.0,0.625,0.08196721311475409,1.0,0.3333333333333333,0.0,61,15,2.2905360376560955,33,1,1.0,-3.03,132.07,-0.0229,0.3443
0x0fbbe64301bae260a6d2d4103adfc11d948b45e5,0.38716216216216215,1,1,op_003,15.0,0.0,0.375,0.08108108108108109,1.0,0.6666666666666666,0.0,37,9,2.883957080756419,8,2,0.5,-6.74,151.95,-0.0444,0.8649
0x377326c9360302d15d5ce7f7ad5718e27837f0dd,0.38636363636363635,-1,1,,,0.0,0.375,0.07575757575757576,1.0,0.6666666666666666,0.0,66,9,5.6982744085344,27,2,,69.98,13788.69,0.0051,1.0
0x50b1e35022933ae620665ce55dbd9785c5e30793,0.38623188405797104,1,1,,,0.0,0.5833333333333334,0.13043478260869565,1.0,0.3333333333333333,0.0,46,14,1.1758069464306737,36,1,,6.06,1148.11,0.0056,0.6977
0x0ec451646092f877f80d2b53d5500e50dac05ed3,0.3859689430894309,1,1,,,0.0,0.5416666666666666,0.07317073170731707,1.0,0.3333333333333333,0.16660000000000008,41,13,1.56369438217024,23,1,0.5833,2.02,1091.69,0.002,1.0
0xabfcebb45cf0c89d971e625697c1ab1aed9fe42b,0.3851658823529412,1,1,,,0.0,0.375,0.09803921568627451,1.0,0.3333333333333333,0.4545999999999999,51,9,1.2733858828790499,31,1,0.7273,-0.92,48.91,-0.0196,0.6735
0x84c386331355f47057afca0c06c7211f4dbe35d4,0.3848901098901099,1,1,,,0.0,0.625,0.06593406593406594,1.0,0.3333333333333333,0.0,91,15,4.097858818834584,10,1,,-120.85,1262.18,-0.0957,0.5934
0x7c4ac895d496b09addce792ce3849f863ef7b3e8,0.38457446808510637,1,1,,,0.0,0.625,0.06382978723404255,1.0,0.3333333333333333,0.0,47,15,3.052079238412918,16,1,,-10.75,47.21,-0.2278,0.4681
0x8454e6318819f0cac255006c99c40a3fc68d3587,0.38438320209973753,1,1,,,0.0,0.3333333333333333,0.11811023622047244,1.0,0.6666666666666666,0.0,127,8,5.635185283539529,13,2,,-155.52,566.82,-0.2744,0.5984
0x7e97ab190fc7c8c9f90b1418a12660421bcccd70,0.384375,1,1,,,0.0,0.375,0.0625,1.0,0.6666666666666666,0.0,32,9,2.6129725128670187,19,2,0.5,-31.9,337.57,-0.0945,0.3438
0xf36861adb4a2d9e52a58de8860dbccb6237dcfb1,0.38410852713178295,1,1,,,0.0,0.5833333333333334,0.11627906976744186,1.0,0.3333333333333333,0.0,43,14,1.5652313545334704,15,1,0.0,5.3,90.48,0.0585,0.6512
0x1802ef295870bfecdfdf78c25f9757358e0d9b20,0.38357142857142856,1,1,,,0.0,0.625,0.05714285714285714,1.0,0.3333333333333333,0.0,35,15,1.7039510503871058,16,1,,0.42,94.95,0.0045,0.5714
0x60e861a47f2252640bc938355922077c164dfae4,0.38357142857142856,1,1,,,0.0,0.625,0.05714285714285714,1.0,0.3333333333333333,0.0,35,15,1.1733212720333452,20,1,1.0,2.93,73.26,0.0399,0.5429
0xb2aa86bafafadf2e3f3a610e4f63b5c642e63e28,0.38310810810810814,1,1,op_001,146.0,0.0,0.375,0.05405405405405406,1.0,0.6666666666666666,0.0,37,9,1.944291142594445,12,2,,16.28,217.85,0.0747,0.5946
0x56b509ede431d13f1540ca20b3bb50f3ed82757f,0.3831081081081081,1,1,,,0.0,0.625,0.05405405405405406,1.0,0.3333333333333333,0.0,74,15,1.7774658035425983,33,1,0.6667,12.97,1015.12,0.0128,0.8649
0x6c9642cecce5e5be659f7a48ece29bf541da959f,0.38284313725490193,-1,0,,,0.0,0.08333333333333333,0.9411764705882353,0.375,1.0,0.0,68,2,1.4141493101175318,3,34,,19.83,466.65,0.0425,0.8529
0x1eeaddfa129323c42992ed710511f747b87000c5,0.38275862068965516,1,1,,,0.0,0.625,0.05172413793103448,1.0,0.3333333333333333,0.0,58,15,2.924701119768624,14,1,,-146.54,1272.4,-0.1152,0.3276
0xf717cecc8120bf8ecab364c70cef510f46dc51e2,0.3821428571428572,1,1,,,0.0,0.625,0.047619047619047616,1.0,0.3333333333333333,0.0,42,15,1.4841319376871513,17,1,,-1.91,56.88,-0.0336,0.4762
0x32a832894e3fdbd15bf1560098d0804fa1a1be9b,0.3817204301075269,1,1,,,0.0,0.4166666666666667,0.3225806451612903,1.0,0.3333333333333333,0.0,31,10,1.2670887120163572,24,1,0.0,7.24,148.88,0.0521,0.8333
0x06cdbdd8a243183d0478dd85c56df47a9aee1b0c,0.38166666666666665,1,1,,,0.0,0.5833333333333334,0.1,1.0,0.3333333333333333,0.0,30,14,1.6615126488939107,14,1,0.0,-7.29,83.01,-0.0879,0.5
0x4cad922945ee5a6e0cd4296462f10a0cbd08e203,0.3811827956989247,1,1,,,0.0,0.5833333333333334,0.0967741935483871,1.0,0.3333333333333333,0.0,31,14,1.2037443634551446,31,1,,21.24,1816.48,0.0117,1.0
0x40ebc599a73b7450ccaaa2e26405d7cee8dfade9,0.381,1,1,,,0.0,0.625,0.04,1.0,0.3333333333333333,0.0,100,15,2.565059456651356,30,1,0.2308,-175.51,4339.7,-0.0413,0.5361
0xd5409b98005415c3d3012f43b28ca043607bf3db,0.381,1,1,,,0.0,0.625,0.04,1.0,0.3333333333333333,0.0,50,15,1.810588242777306,16,1,0.375,-15.35,283.06,-0.0643,0.3721
0xadaaf2e2c44a351ff2ea728003e3aa359bf2875a,0.3809748427672956,1,1,,,0.0,0.5416666666666666,0.1509433962264151,1.0,0.3333333333333333,0.0,53,13,2.3281737683844366,24,1,0.5,-19.83,188.22,-0.1054,0.3962
0x45e606f7849330adad37875f835fbdd1b7868fca,0.3803921568627451,1,1,,,0.0,0.2916666666666667,0.14705882352941177,1.0,0.6666666666666666,0.0,34,7,1.4632674467333346,23,2,,-2.37,44.16,-0.0631,0.3
0x84449adc1338287bafcceeecf94d943719291cf9,0.3803030303030303,1,1,,,0.0,0.5833333333333334,0.09090909090909091,1.0,0.3333333333333333,0.0,55,14,5.030015458236827,10,1,0.5,16.06,1211.89,0.0152,0.5686
0x84b14e28015e17ed062f284ecafe8b86bc7d66a4,0.3803030303030303,1,1,,,0.0,0.5833333333333334,0.09090909090909091,1.0,0.3333333333333333,0.0,33,14,1.643208979245646,21,1,0.0,15.56,1052.95,0.0148,0.7576
0x0a8eee5cb1f039540abbbecc03571146048c05a4,0.38,1,1,,,0.0,0.5,0.2,1.0,0.3333333333333333,0.0,30,12,2.1187804681351463,12,1,0.3,6.49,290.54,0.0223,0.4333
0xfe3dc3b129133226c10cea90354de7a926d478f8,0.37952380952380954,1,1,op_001,146.0,0.0,0.20833333333333334,0.08571428571428572,0.875,1.0,0.0,35,5,2.4325621229372616,7,6,,-0.7,29.8,-0.0235,0.7143
0xc55e382c4e8f33ee79fbacacbbe11dcba5324230,0.37891156462585035,1,1,,,0.0,0.7083333333333334,0.08163265306122448,0.875,0.3333333333333333,0.0,49,17,3.0847955675293424,7,1,,-26.05,65.19,-0.3997,0.5306
0x8645bbf7bc403d4d5fb05f6d08df09be96250beb,0.37848258706467663,1,1,,,0.0,0.5416666666666666,0.13432835820895522,1.0,0.3333333333333333,0.0,67,13,4.037535896138305,9,1,,29.49,1952.42,0.0179,0.6379
0x61929ffb751b94c44c4ff2fd71d2b25568f748ef,0.378125,1,1,,,0.0,0.5,0.1875,1.0,0.3333333333333333,0.0,32,12,1.6594853885530685,28,1,1.0,-11.36,445.9,-0.0255,0.7812
0xbc3eae4c979104588b15a895cfb3bd730691cefd,0.378,1,1,,,0.0,0.625,0.02,1.0,0.3333333333333333,0.0,100,15,1.9620497921263118,60,1,0.6667,-360.67,2557.82,-0.1421,0.8163
0xbe1ad4317e541988823faef2d593b9bb582c47a3,0.37798742138364777,1,1,,,0.0,0.3333333333333333,0.07547169811320754,1.0,0.6666666666666666,0.0,53,8,2.2977121959264504,11,2,,-17.83,112.0,-0.1592,0.8113
0xe018ac1e9914f9061e9b4969a09b17984e44a22d,0.37792205128205125,1,1,op_001,146.0,0.0,0.20833333333333334,0.23076923076923078,1.0,0.6666666666666666,0.01639999999999997,65,5,2.9026179450346703,12,2,0.5082,10.41,323.54,0.0322,0.4769
0xf57d550988804398617ee746bd2fd60c82dbf322,0.3778301886792453,1,1,,,0.0,0.625,0.018867924528301886,1.0,0.3333333333333333,0.0,106,15,2.1416875146122685,36,1,0.375,-405.89,1300.75,-0.312,0.1792
0xb06069838d9442d857593bdebeb454dc0e629572,0.3777333333333333,-1,1,,,0.0,0.4166666666666667,0.296,1.0,0.3333333333333333,0.0,125,10,3.494521713923185,104,1,0.1818,13.76,1234.91,0.0113,0.6557
0x6ad71109d8c777a728e99879a828210494d9347a,0.3771739130434783,1,1,,,0.0,0.375,0.34782608695652173,1.0,0.3333333333333333,0.0,69,9,2.216498187356303,27,1,0.3846,-105.35,210.72,-0.599,0.0896
0xa98a7b57b3ffc40dd701ac345a6ebb1d3255a5a8,0.3770979020979021,1,1,,,0.0,0.625,0.013986013986013986,1.0,0.3333333333333333,0.0,143,15,2.650929876062975,59,1,0.0,62.2,2006.56,0.0325,0.6815
0xc969ddc3bd2e32f0ea0925285d7add3504040377,0.3769406392694064,1,1,,,0.0,0.5833333333333334,0.0684931506849315,1.0,0.3333333333333333,0.0,73,14,4.468117616545147,35,1,0.2,-25.68,77.46,-0.4953,0.2353
0x5c701d46b289923588abd14e1ddf4293f500edf3,0.37666666666666665,1,1,,,0.0,0.5833333333333334,0.06666666666666667,1.0,0.3333333333333333,0.0,45,14,1.2937022033818464,38,1,0.5,-15.14,193.11,-0.0872,0.525
0x3dd3035809b0969b8d14dcbf2be8b3e7324dccac,0.3764855172413793,1,1,,,0.0,0.5833333333333334,0.01532567049808429,1.0,0.3333333333333333,0.07519999999999993,261,14,3.6554743490618207,71,1,0.5376,1826.76,17041.41,0.1072,0.5287
0xbd013386f7a70b5dee398029ebb5f050132fd8cd,0.3764705882352941,1,1,,,0.0,0.5,0.17647058823529413,1.0,0.3333333333333333,0.0,102,12,3.5087572436757295,68,1,0.0,55.27,2113.43,0.0262,0.7549
0xf73f7e9c6bd1f40dc045d2a93bec3dd4248aee53,0.3757575757575758,1,1,,,0.0,0.5833333333333334,0.06060606060606061,1.0,0.3333333333333333,0.0,33,14,1.7344803270881288,21,1,,50.85,663.85,0.0766,0.3939
0xd85ea7b44b86d00c1975bff6ce086dda7453de9e,0.37552083333333336,1,1,,,0.0,0.4166666666666667,0.28125,1.0,0.3333333333333333,0.0,32,10,1.1589784578255715,31,1,1.0,-7.37,616.44,-0.012,0.875
0x54525b0ed87612a314197c0c0f0f1a557981b7b2,0.37547619047619046,1,1,,,0.0,0.2916666666666667,0.11428571428571428,1.0,0.6666666666666666,0.0,35,7,3.332421334464979,17,2,0.25,1.34,41.69,0.0321,0.7429
0xd0601a584f05a952114517ac7e71bfac2b79b566,0.37547619047619046,1,1,,,0.0,0.5416666666666666,0.11428571428571428,1.0,0.3333333333333333,0.0,35,13,2.963462895452435,10,1,,1.73,51.19,0.0339,0.8286
0xcbc1e69573652cb1107cadb2cf725f7e55ef99e6,0.37515723270440254,1,1,,,0.0,0.5833333333333334,0.05660377358490566,1.0,0.3333333333333333,0.0,53,14,1.2475419735656919,44,1,,46.03,2931.05,0.0188,0.9
0xfba1040658cb60c0b7b9403e808c88cff0f02769,0.37478144144144143,1,1,,,0.0,0.4166666666666667,0.05405405405405406,1.0,0.3333333333333333,0.3333999999999999,37,10,3.551275026115178,12,1,0.6667,14.33,1030.03,0.0139,0.5676
0xd782eca96dcb1965d0e01c9c5b99bc962166a950,0.3747747747747748,1,1,op_009,5.0,0.0,0.5833333333333334,0.05405405405405406,1.0,0.3333333333333333,0.0,37,14,1.9309773036639881,13,1,0.2308,-50.91,247.13,-0.2289,0.4333
0xbb71bb42ab4449f888d7e11f486fe030fb7a3e7b,0.3747747747747748,1,1,,,0.0,0.5833333333333334,0.05405405405405406,1.0,0.3333333333333333,0.0,37,14,1.4559105102818077,20,1,0.2857,-45.6,240.82,-0.1894,0.1892
0xbd6adfcbd2920daae095f15c68da89160e234614,0.3746376811594203,1,1,,,0.0,0.5416666666666666,0.10869565217391304,1.0,0.3333333333333333,0.0,46,13,2.418162166182828,26,1,0.4375,8.3,201.6,0.0412,0.3696
0x951c7e8e11d094af03176bfc4f00e0f88bfbd8c7,0.3743169398907104,1,1,op_001,146.0,0.0,0.5416666666666666,0.10655737704918032,1.0,0.3333333333333333,0.0,122,13,3.219678994942642,35,1,0.0,176.0,1303.04,0.1459,0.4867
0xb8b94a3f1dff534f2f2d16f94d257258ebd1bae7,0.3737179487179487,-1,1,,,0.0,0.16666666666666666,0.2692307692307692,0.75,1.0,0.0,52,4,1.8859334273348753,6,14,,-0.08,194.39,-0.0004,0.4231
0xbc8405b2c4149332c835ebb7e29e68e53eaba0d2,0.37357723577235774,1,1,,,0.0,0.4166666666666667,0.2682926829268293,1.0,0.3333333333333333,0.0,41,10,1.440188815636279,26,1,,24.6,1079.7,0.0231,0.9744
0x74595117ed8868524a686bd0b0e9d621882fe588,0.3728494623655914,1,1,op_006,12.0,0.0,0.2916666666666667,0.0967741935483871,1.0,0.6666666666666666,0.0,31,7,1.6816494710053347,20,2,,-5.9,31.0,-0.1904,0.6129
0x142adcc6031232974212581d5882dc25de02a44a,0.3726190476190476,1,1,,,0.0,0.5416666666666666,0.09523809523809523,1.0,0.3333333333333333,0.0,42,13,2.8894381662988105,20,1,0.0,-14.33,195.3,-0.0765,0.3902
0x46992d0e547e3822a9c28723f51bfa804ae4e03c,0.37254901960784315,1,1,,,0.0,0.5833333333333334,0.0392156862745098,1.0,0.3333333333333333,0.0,51,14,1.479502768759568,39,1,0.0,368.89,28071.4,0.0133,0.8776
0xba63d3a0105a3c01bfa561015c36911c8d1536dc,0.3723958333333333,1,1,,,0.0,0.5416666666666666,0.09375,1.0,0.3333333333333333,0.0,32,13,3.483923244726636,12,1,,33.3,2437.38,0.0137,1.0
0x42b7601fea87e5b1ea958ffe47647945fabcabff,0.37197636363636366,1,1,,,0.0,0.375,0.09090909090909091,1.0,0.3333333333333333,0.3333999999999999,33,9,2.490203136782013,13,1,0.6667,-4.0,85.88,-0.0517,0.7742
0x2e99931ef38809335cbbcf5faa1aecb91ac1b482,0.37142857142857144,1,1,,,0.0,0.375,0.30952380952380953,1.0,0.3333333333333333,0.0,42,9,2.0599025954115517,33,1,1.0,17.79,406.42,0.0453,0.3
0x28181155565618652aa401fa8a77eeefa3491338,0.37083333333333335,1,1,,,0.0,0.5833333333333334,0.027777777777777776,1.0,0.3333333333333333,0.0,36,14,1.3241864076201368,21,1,0.1429,-1.16,154.92,-0.0075,0.5833
0xfe5acb8680ecb8543d22db5f12b5e10d7864705d,0.37039007092198584,1,1,,,0.0,0.4583333333333333,0.19148936170212766,1.0,0.3333333333333333,0.0,47,11,2.3544304829724174,47,1,,0.39,63.9,0.0062,1.0
0x79667ce6b926fcd3c2284325c393d4b81d5bb251,0.3701310861423221,1,1,,,0.0,0.5416666666666666,0.07865168539325842,1.0,0.3333333333333333,0.0,89,13,2.263438532432301,31,1,0.4688,-46.61,187.93,-0.3121,0.5854
0xbf84d783b7de6917cffe3cf8845eb4cfb17acd79,0.36973684210526314,1,1,,,0.0,0.25,0.13157894736842105,1.0,0.6666666666666666,0.0,38,6,1.6638805578172824,37,2,,-2.42,75.92,-0.0319,0.6842
0x9775e9e4ab9f1e675248a4c826bf8511e707b70d,0.36963693693693694,1,1,,,0.0,0.4583333333333333,0.13513513513513514,1.0,0.3333333333333333,0.07699999999999996,37,11,2.9458763453082573,14,1,0.5385,-1.53,657.75,-0.0024,0.4375
0xbf43021760af92eef422b51f29714cde759b66f5,0.3695833333333333,1,1,,,0.0,0.5416666666666666,0.075,1.0,0.3333333333333333,0.0,40,13,2.0292456145835263,19,1,1.0,-20.82,132.39,-0.1572,0.15
0x6c9a7cc7a0570636b64d22471ead3b9362cc6025,0.3693548387096774,1,1,,,0.0,0.5,0.12903225806451613,1.0,0.3333333333333333,0.0,31,12,1.509128400417062,26,1,0.3333,4.06,299.28,0.0136,0.8387
0x258b74b14e9df918b207043da2c9828a5dd4db84,0.36904761904761907,1,1,,,0.0,0.5416666666666666,0.07142857142857142,1.0,0.3333333333333333,0.0,42,13,3.016984373643256,12,1,,-1.25,90.73,-0.0138,0.5
0xe49f7980afe0cdc26d9ba1032b0fd6ef9590b083,0.36893939393939396,1,1,,,0.0,0.5416666666666666,0.0707070707070707,1.0,0.3333333333333333,0.0,99,13,4.561333795718771,35,1,,-68.26,1760.7,-0.0388,0.3535
0xda35f97698382ca11bc60b731f0692659cf6b2db,0.36833333333333335,1,1,,,0.0,0.5416666666666666,0.06666666666666667,1.0,0.3333333333333333,0.0,45,13,2.0379592051270565,17,1,1.0,20.95,302.76,0.0846,0.3714
0xd79f26426c60cd482ae49b64cf903c9c771412fb,0.36770833333333336,1,1,,,0.0,0.5416666666666666,0.0625,1.0,0.3333333333333333,0.0,32,13,2.2002319178568572,27,1,,-29.48,77.83,-0.3787,0.1562
0x42bf38268e7956e5a0810ea05d36dfcdb9b76a56,0.36770833333333336,1,1,,,0.0,0.5416666666666666,0.0625,1.0,0.3333333333333333,0.0,32,13,1.864878630598374,10,1,0.6667,-11.51,65.6,-0.3452,0.15
0x95489ae923e8bbe7f322223c619ecaf1bd401002,0.36770833333333336,1,1,,,0.0,0.5416666666666666,0.0625,1.0,0.3333333333333333,0.0,32,13,1.2552498560731,24,1,0.5,47.38,1683.05,0.0298,0.7667
0xc176b3f2c1e2af38e4ae1ea9d1fcaa18a6515d01,0.3676051162790698,1,1,,,0.0,0.5,0.06976744186046512,1.0,0.3333333333333333,0.07139999999999991,43,12,2.1775615185981296,13,1,0.5357,3.99,65.44,0.068,0.5641
0x7a1bbdda6de3ec0ac4b4023b4c23c05304aa1c78,0.3673076923076923,1,1,,,0.0,0.375,0.28205128205128205,1.0,0.3333333333333333,0.0,39,9,1.8913759463918158,35,1,1.0,-50.94,350.29,-0.1454,0.3077
0xaf38cbafaa8da562cc7f88ae2b06e5ea7027c19e,0.367156862745098,1,1,,,0.0,0.5416666666666666,0.058823529411764705,1.0,0.3333333333333333,0.0,34,13,2.497374087433505,16,1,0.5,20.53,339.48,0.0728,0.4333
0xccd0fd6156ab2a33d4e63635d3cf39c6fa047482,0.3668238993710692,1,1,,,0.0,0.5416666666666666,0.05660377358490566,1.0,0.3333333333333333,0.0,53,13,1.2645872643986955,30,1,0.4211,-6.86,270.49,-0.0268,0.549
0xbe45a84272bd638c0eb2970331e6f9d6716ffd22,0.36666894308943093,1,1,,,0.0,0.2916666666666667,0.07317073170731707,1.0,0.3333333333333333,0.4736,41,7,1.306761468493749,29,1,0.7368,-13.91,179.28,-0.0776,0.3902
0xe7317117129851be3906e00a799627a42dfe55b9,0.36666666666666664,1,1,,,0.0,0.5,0.1111111111111111,1.0,0.3333333333333333,0.0,36,12,2.4751591096929446,10,1,,-85.8,1474.98,-0.0582,0.7222
0x1d417240157c134211c8565cf6b2f517d73f24d7,0.3664102564102564,-1,1,,,0.0,0.2916666666666667,0.05384615384615385,1.0,0.6666666666666666,0.0,130,7,8.086333268615274,8,2,,464.07,3532.85,0.1314,0.9769
0x51eeacdd2fe40a53577b108c7eb868a9153e2912,0.36516064257028114,1,1,,,0.0,0.4583333333333333,0.1566265060240964,1.0,0.3333333333333333,0.0,83,11,2.492409213640438,26,1,0.3889,54.72,5012.17,0.0109,0.6867
0xa9074534c918f9bb59ea8be72319f85f4ba0ba96,0.3646341463414634,1,1,,,0.0,0.5,0.0975609756097561,1.0,0.3333333333333333,0.0,41,12,2.9780121194875364,11,1,0.0,123.25,9685.76,0.0127,1.0
0xdafdc201e4a769c4424462f9210763b221da2ad4,0.3644557823129252,1,1,,,0.0,0.5416666666666666,0.04081632653061224,1.0,0.3333333333333333,0.0,49,13,3.6492341704446476,20,1,0.4,275.9,5947.69,0.0464,0.551
0xd3443970de78558375ee9ae6b6a27b39e6c1ff2e,0.36439393939393944,1,1,,,0.0,0.4583333333333333,0.15151515151515152,1.0,0.3333333333333333,0.0,33,11,1.2574352759726644,17,1,0.6667,13.08,88.76,0.1473,0.4848
0xf963af2a952dfe8becca78ec63c888dd967055e4,0.3641509433962264,1,1,,,0.0,0.5,0.09433962264150944,1.0,0.3333333333333333,0.0,53,12,1.3907560344872358,40,1,0.2222,38.44,4770.87,0.0089,0.9375
0x7bf62398e9a200c5ead5939a14b50ccb28a2342e,0.363953488372093,1,1,,,0.0,0.5,0.09302325581395349,0.75,0.6666666666666666,0.0,43,12,2.7544707853164923,6,2,0.4286,-3.18,67.13,-0.0473,0.5349
0x5e9eee043aceb45a56d6cc511fe7db6b53ee0a9a,0.36363636363636365,1,1,,,0.0,0.5,0.09090909090909091,1.0,0.3333333333333333,0.0,33,12,1.5618021228975087,20,1,,40.25,106.91,0.4376,0.4
0xddbf18be035f4781a39417a08755ea69b8fcb1ae,0.36333333333333334,1,1,,,0.0,0.5,0.08888888888888889,1.0,0.3333333333333333,0.0,45,12,1.6422285620696322,27,1,,-43.6,396.9,-0.1098,0.3778
0x58f7727d2f7cc986810640e80e99828ec756e22f,0.36302083333333335,1,1,,,0.0,0.5416666666666666,0.03125,1.0,0.3333333333333333,0.0,32,13,1.5907837021922133,16,1,,-5.77,39.19,-0.1471,0.5
0x4a5ec886f0abec29b1635fd3589d80e86b2edaeb,0.36261682242990656,1,1,,,0.0,0.5,0.08411214953271028,1.0,0.3333333333333333,0.0,107,12,2.4281945257881303,23,1,0.2759,291.25,15249.56,0.0191,0.7103
0xf1e18ec32b2f1e123bc098e3956e6fd00012c152,0.3617623529411765,1,1,,,0.0,0.5,0.0392156862745098,1.0,0.3333333333333333,0.05879999999999996,51,12,2.3798010726224543,26,1,0.5294,675.19,1306.62,0.8863,0.5106
0x68a39ca987a481c50ece687b99af2fbf88a35dd5,0.3614942528735632,1,1,,,0.0,0.25,0.07662835249042145,1.0,0.6666666666666666,0.0,261,6,4.155945696474016,72,2,,12.38,2479.46,0.0051,0.6056
0xdfca4ee98374f62a1d4985ac9272260e09ba645a,0.36,1,1,,,0.0,0.5,0.5666666666666667,0.625,0.3333333333333333,0.0,30,12,3.5315034156167693,5,1,,10.89,44.1,0.247,0.5333
0x3970ce9259501e736a4a1bfcd6e643d68a28f56b,0.3595238095238095,1,1,,,0.0,0.20833333333333334,0.11904761904761904,1.0,0.6666666666666666,0.0,42,5,1.2475927229882795,26,2,0.2143,52.31,2737.44,0.0191,0.9286
0xcc642a8897958f54d4771872c792d627f0a937f0,0.35892857142857143,1,1,,,0.0,0.5,0.05952380952380952,1.0,0.3333333333333333,0.0,84,12,3.6979207728876196,17,1,0.3333,321.44,1761.05,0.2271,0.6351
0x64b1e5c90466350a0520cd7e312a69036c9eef0d,0.3588709677419355,1,1,,,0.0,0.375,0.22580645161290322,1.0,0.3333333333333333,0.0,31,9,2.5646774913947112,27,1,1.0,22.05,92.77,0.2376,0.5484
0xe1156d73e18112c68c4f80836a64ef71e9f1ace9,0.35852242424242425,1,1,,,0.0,0.4166666666666667,0.07272727272727272,1.0,0.3333333333333333,0.14280000000000004,55,10,1.5307714830671197,22,1,0.5714,2.46,210.05,0.0117,0.8727
0xaff74171ec045b66bcaba742d1ecf903fc4efb8b,0.35833333333333334,1,1,,,0.0,0.4583333333333333,0.1111111111111111,1.0,0.3333333333333333,0.0,36,11,1.3838177516256507,18,1,0.0625,2.34,86.43,0.0271,0.9722
0xe4d08535f56f3b0608e706022d9006da8b29b168,0.3578828828828829,1,1,,,0.0,0.4583333333333333,0.10810810810810811,1.0,0.3333333333333333,0.0,37,11,1.4082020613303534,13,1,,46.4,415.7,0.1116,0.6757
0xf644d0c0af9f4d8a49b1f1f6e9dce3f45128a9af,0.3575757575757576,1,1,,,0.0,0.3333333333333333,0.2727272727272727,1.0,0.3333333333333333,0.0,33,8,3.242421542610499,9,1,,-37.12,172.29,-0.2155,0.6364
0xa2555bf6c3e8a81b4cd65063f02b728a85322ffc,0.3575,1,1,,,0.0,0.5,0.05,1.0,0.3333333333333333,0.0,40,12,0.9705931310985495,26,1,0.4,7.46,100.22,0.0744,0.375
0x5a9c1aa7aa93e4c5dfe5c6dc0c6d1c6c3f7cc336,0.3568565400843882,1,1,,,0.0,0.4583333333333333,0.10126582278481013,1.0,0.3333333333333333,0.0,79,11,3.08184402727796,11,1,,125.09,3815.41,0.0328,1.0
0x76a2391e0d2c48299497835fd8b9b742c8296651,0.3563008130081301,1,1,,,0.0,0.4583333333333333,0.0975609756097561,1.0,0.3333333333333333,0.0,41,11,2.3336139307862322,19,1,0.5,76.42,792.61,0.0964,0.4634
0xbe9bf05274a97fda45dc8986591b1abaf66a156c,0.35618279569892475,1,1,,,0.0,0.4583333333333333,0.0967741935483871,1.0,0.3333333333333333,0.0,31,11,2.596412994905054,20,1,0.5,-36.09,126.28,-0.3001,0.5
0x831a985016cb369e0142505fdf311857aaafad82,0.3557291666666667,1,1,,,0.0,0.4583333333333333,0.09375,1.0,0.3333333333333333,0.0,32,11,3.0104706570706967,9,1,,104.33,188.29,0.5541,0.3125
0xfd368530e2d6b22677eeb90c89b29e232670a832,0.35530303030303034,1,1,,,0.0,0.4583333333333333,0.09090909090909091,0.5,0.3333333333333333,1.0,44,11,3.825627751613551,4,1,1.0,226.2,2159.92,0.1047,0.6364
0xbd1b46eea9690c2667b0821ca2d6189a79fada1e,0.35500000000000004,1,1,,,0.0,0.5,0.03333333333333333,1.0,0.3333333333333333,0.0,30,12,2.985310147854464,9,1,,-47.24,112.0,-0.4218,0.4
0xd2e5837e4381860bd64d7111b808df6732886fe6,0.3546875,1,1,,,0.0,0.5,0.03125,1.0,0.3333333333333333,0.0,32,12,1.6622134527152288,11,1,1.0,-10.71,134.84,-0.0794,0.4062
0xd25156e222c9b907b128e27c36821fdb41db4d37,0.353964367816092,1,1,,,0.0,0.4166666666666667,0.08620689655172414,1.0,0.3333333333333333,0.07699999999999996,58,10,3.93633464826539,19,1,0.5385,342.94,3540.68,0.1101,0.625
0xe856273424827579ed434c9fb14bed4074c07347,0.35320512820512817,1,1,op_001,146.0,0.0,0.20833333333333334,0.07692307692307693,1.0,0.6666666666666666,0.0,39,5,2.5934043790476804,11,2,,-7.61,77.77,-0.0979,0.7179
0x7e10e022bfe97a653a0d3b99ef4611272958d25b,0.35314465408805035,1,1,,,0.0,0.4166666666666667,0.1320754716981132,1.0,0.3333333333333333,0.0,53,10,2.62690887913133,17,1,0.1,23.89,908.65,0.0263,0.9245
0x51ff33b3c2d9ea0307572d33ac8df8722eeecf90,0.3524774774774775,1,1,,,0.0,0.3333333333333333,0.40540540540540543,0.875,0.3333333333333333,0.0,37,8,2.4330412633202307,7,1,,12.15,765.1,0.0159,1.0
0x4876797134c749ddac6b3739fe05af06e3e722e2,0.35219298245614034,1,1,,,0.0,0.3333333333333333,0.23684210526315788,1.0,0.3333333333333333,0.0,38,8,2.016897432936838,22,1,0.5,-26.98,205.52,-0.1313,0.5526
0x5968454ab9fa39745d5d4adf78f23b80ebe53fc4,0.3506666666666667,1,1,,,0.0,0.5833333333333334,0.06,0.875,0.3333333333333333,0.0,50,14,2.9267811610857986,7,1,,189.03,889.72,0.2125,0.92
0x40770e761d9390e850512bbe8587e9adb3e388e0,0.3504901960784314,1,1,,,0.0,0.4583333333333333,0.058823529411764705,1.0,0.3333333333333333,0.0,34,11,3.292445315946585,21,1,1.0,-16.5,232.57,-0.0709,0.3529
0x5470a1aa0def7459aad672bdedb2211784a30af7,0.35000000000000003,1,1,,,0.0,0.2916666666666667,0.2777777777777778,1.0,0.3333333333333333,0.0,36,7,2.2370455572962014,16,1,,26.36,238.29,0.1106,0.8056
0xc1a7c0de6f68c8a5f7b9254e9f19cc541425f77f,0.35000000000000003,1,1,op_003,15.0,0.0,0.4166666666666667,0.1111111111111111,1.0,0.3333333333333333,0.0,36,10,3.265376430151924,11,1,0.0,-2.02,183.42,-0.011,0.9167
0x7a97c733e2af44a5cf355ce155a71645849e0dc8,0.3499539594843462,-1,1,,,0.0,0.4583333333333333,0.055248618784530384,1.0,0.3333333333333333,0.0,181,11,11.367015532063173,9,1,0.4583,5.46,35.4,0.1542,0.8287
0x86974dde10087a6ff34978364ccd67dbea21190d,0.349702380952381,1,1,,,0.0,0.4583333333333333,0.05357142857142857,1.0,0.3333333333333333,0.0,56,11,3.2205740830806717,17,1,0.4,52.12,13953.6,0.0049,0.9333
0x3e964287a08ea60b6445ecee56158e4a1fe0b306,0.34935897435897434,1,1,,,0.0,0.20833333333333334,0.05128205128205128,1.0,0.6666666666666666,0.0,39,5,4.26711600611881,11,2,0.1429,-39.85,222.25,-0.1793,0.2821
0xdd689f70d9e9a1c781e5ae372ffeef6944d2988d,0.34880952380952385,1,1,,,0.0,0.4583333333333333,0.047619047619047616,1.0,0.3333333333333333,0.0,63,11,2.025542416015695,18,1,0.3333,179.75,7955.65,0.0226,0.6349
0x6c521f259a685eac07e3e6ab5cb4b25d57a90a0f,0.34864341085271316,1,1,,,0.0,0.4583333333333333,0.046511627906976744,1.0,0.3333333333333333,0.0,43,11,1.916568091072179,10,1,0.6667,2.5,233.01,0.0107,0.4186
0x0dd8933a7b6f43a5532e79f813e0d9051d5c2b6c,0.3485119047619048,1,1,,,0.0,0.2916666666666667,0.26785714285714285,1.0,0.3333333333333333,0.0,56,7,2.684909764009548,44,1,1.0,18.69,1623.22,0.0133,0.94
0xe752c8fb588608395a0dae82ab7bc18c19c02200,0.3484375,1,1,,,0.0,0.375,0.15625,1.0,0.3333333333333333,0.0,32,9,2.1139996694149827,17,1,0.0,5.99,89.36,0.067,0.4375
0xbe5733162dcdae9f096d2bfc2450500d1db63920,0.34840823970037454,1,1,,,0.0,0.4583333333333333,0.0449438202247191,1.0,0.3333333333333333,0.0,89,11,4.418784962813157,26,1,0.5,-66.64,1741.42,-0.0448,0.241
0x1ea806ba212e6d2fb7667391a91e7387dcfad76e,0.34833333333333333,1,1,,,0.0,0.16666666666666666,0.1,1.0,0.6666666666666666,0.0,40,4,1.3342594640895324,30,2,,141.84,173.89,0.913,0.5
0xd75d96a23515172778d3281f53c9180b985100c8,0.3481884057971015,1,1,,,0.0,0.4583333333333333,0.043478260869565216,1.0,0.3333333333333333,0.0,69,11,2.7813874817644484,25,1,0.4211,101.02,2899.42,0.0374,0.5968
0x67533b88868315248a18b3d54359f217bafdb37d,0.3474806201550388,1,1,,,0.0,0.4583333333333333,0.03875968992248062,1.0,0.3333333333333333,0.0,129,11,2.665462253201902,54,1,0.1818,7.86,1159.59,0.0069,0.8525
0x9acd68c9b04c2cddcb05ed19e610fb1ad9750006,0.3474358974358974,1,1,,,0.0,0.20833333333333334,0.038461538461538464,1.0,0.6666666666666666,0.0,52,5,1.8217252240307882,33,2,0.4286,3.48,1603.11,0.0022,0.6346
0x5633fb07b46e8baecd9aef37490bf59edbb4cd82,0.34722222222222227,1,1,,,0.0,0.4166666666666667,0.09259259259259259,1.0,0.3333333333333333,0.0,54,10,2.4825027046038315,23,1,0.1667,76.38,17413.75,0.0044,0.9074
0x01a68281185e728ba0fef6245008bf8af68a59b0,0.3472222222222222,1,1,,,0.0,0.4583333333333333,0.037037037037037035,1.0,0.3333333333333333,0.0,54,11,3.9998524048649102,24,1,0.0,32.47,537.83,0.0701,0.7292
0x6297b93ea37ff92a57fd636410f3b71ebf74517e,0.3472222222222222,1,1,,,0.0,0.4583333333333333,0.037037037037037035,1.0,0.3333333333333333,0.0,54,11,2.872930457960724,21,1,0.0,-27.65,170.51,-0.2815,0.4186
0xfba0d5a84a48f22a5f54c6e941bfecf631d7a083,0.3467514124293785,1,1,,,0.0,0.4583333333333333,0.03389830508474576,1.0,0.3333333333333333,0.0,59,11,1.6819919209017815,31,1,0.5,-42.54,1585.8,-0.0268,0.3729
0x1f66796b45581868376365aef54b51eb84184c8d,0.3466666666666667,1,1,,,0.0,0.4583333333333333,0.03333333333333333,1.0,0.3333333333333333,0.0,60,11,5.624831459232882,18,1,0.3571,-72.37,4303.29,-0.0207,0.4118
0xbae0e0453264bea0d8767d2a5907b6a692205cd6,0.3458333333333333,-1,1,,,0.0,0.4166666666666667,0.25,0.625,0.6666666666666666,0.0,60,10,5.121353146797454,5,2,1.0,-16.59,152.99,-0.1084,0.5
0x7b4726aee2cb262127b0f9628108f000bc3ff1f5,0.34385964912280703,1,1,,,0.0,0.4166666666666667,0.07017543859649122,1.0,0.3333333333333333,0.0,57,10,2.008388536284417,28,1,0.75,-26.35,250.04,-0.1099,0.4727
0x3e9113bd7cce1533b8dc137588031478d85611d7,0.3433333333333333,1,1,,,0.0,0.4166666666666667,0.06666666666666667,1.0,0.3333333333333333,0.0,30,10,4.033133030753949,10,1,0.3333,20.04,273.83,0.0732,0.5
0xfa9e0d88517efac6a503550983dff6c51a842264,0.34301075268817205,1,1,,,0.0,0.2916666666666667,0.06451612903225806,0.875,0.6666666666666666,0.0,31,7,3.777405224791281,7,2,0.3182,6.78,178.12,0.0381,0.6774
0xd34283884d678d09daa1ef193a997f7bbc2e1ad9,0.34301075268817205,1,1,,,0.0,0.4166666666666667,0.06451612903225806,1.0,0.3333333333333333,0.0,31,10,1.2643175686307853,27,1,0.0,-0.64,209.58,-0.0031,0.8333
0x1a276306e036a058ceb7236dba6f57af9399f791,0.34290780141843974,1,1,op_001,146.0,0.0,0.4166666666666667,0.06382978723404255,1.0,0.3333333333333333,0.0,47,10,2.9861099308880004,18,1,,-0.69,89.9,-0.0077,0.5745
0x31e2baa2e786e5e82f9b31d468dcbd6833bba655,0.3426470588235294,1,1,,,0.0,0.375,0.11764705882352941,1.0,0.3333333333333333,0.0,34,9,2.51707292557178,11,1,,-1.56,39.0,-0.04,0.7941
0x4e65c9cfd7e345cb6284e9016c28193fd78e7a19,0.34215686274509804,1,1,,,0.0,0.4166666666666667,0.058823529411764705,1.0,0.3333333333333333,0.0,34,10,1.1432253585799426,25,1,1.0,125.45,6014.78,0.0212,0.9394
0x594edb9112f526fa6a80b8f858a6379c8a2c1c11,0.3416666666666667,1,1,,,0.0,0.375,0.1111111111111111,1.0,0.3333333333333333,0.0,45,9,2.531061331446243,23,1,,-1212.44,4456.7,-0.272,0.4
0xc9903d700e1ae793fd27a74b606b8acefebd3260,0.34144144144144145,1,1,,,0.0,0.4166666666666667,0.05405405405405406,1.0,0.3333333333333333,0.0,37,10,4.29261768650524,15,1,0.4,-11.17,971.06,-0.0115,0.5676
0xdb5b3963ad3076ae2d160837e04ed93194201d03,0.3408333333333333,1,1,,,0.0,0.5416666666666666,0.05,0.625,0.6666666666666666,0.0,40,13,3.4881272123294047,5,2,0.5,-0.05,393.55,-0.0001,0.5882
0x5e031b8c601eeb3a1d1206f077f7ea423d486ac2,0.3404954954954955,1,1,,,0.0,0.2916666666666667,0.08108108108108109,1.0,0.3333333333333333,0.19999999999999996,37,7,3.9178207025128797,10,1,0.6,-11.23,67.02,-0.1676,0.2703
0xf7f48505305738f0b801ba06276d73d40c2d1e34,0.3398550724637681,1,1,,,0.0,0.4166666666666667,0.043478260869565216,1.0,0.3333333333333333,0.0,115,10,2.974801900931197,25,1,0.5,152.0,2848.4,0.0534,0.4087
0xae2e04fe9d8ccba5e45ba17ddf9dfbef498c40ad,0.33794871794871795,1,1,,,0.0,0.4166666666666667,0.03076923076923077,1.0,0.3333333333333333,0.0,65,10,4.545009165422653,19,1,0.4545,136.24,1436.95,0.0948,0.3846
0xb22836d5ff85c5b4ab02b519bf43207d474627e3,0.33785714285714286,1,1,,,0.0,0.5,0.08571428571428572,0.875,0.3333333333333333,0.0,35,12,1.5273544406572301,7,1,,-3.32,27.88,-0.1192,0.6571
0xc4ccb03b638b30851d6981db8aeaeb3351d12a5e,0.3367117117117117,1,1,,,0.0,0.2916666666666667,0.1891891891891892,1.0,0.3333333333333333,0.0,37,7,3.418478606904686,10,1,0.0526,77.11,3342.39,0.0321,0.9688
0xc5761ddda69a64e5eb0bd2825e3299c6603f3f04,0.33541666666666664,1,1,,,0.0,0.3333333333333333,0.125,1.0,0.3333333333333333,0.0,32,8,0.9124106139856801,26,1,0.5,7.42,5353.06,0.0014,1.0
0x2c4073aff62991daabfc15d3d2359165e0c54e32,0.3345238095238095,1,1,,,0.0,0.3333333333333333,0.11904761904761904,1.0,0.3333333333333333,0.0,42,8,2.4303834468868666,14,1,,10.85,42.0,0.2583,1.0
0x89b6593ddaf149c72c2b4b06719a20463d7b886e,0.33437500000000003,1,1,,,0.0,0.375,0.0625,1.0,0.3333333333333333,0.0,32,9,3.019062862381087,18,1,1.0,4.37,42.11,0.1039,0.5312
0xb8fca82fafe3735faa7df168582c1e7d709088e1,0.3333333333333333,1,1,,,0.0,0.375,0.05555555555555555,1.0,0.3333333333333333,0.0,36,9,2.070138969083929,20,1,1.0,9.89,781.25,0.0127,0.4167
0x795e3e3a0df70eb7144386ac6f0b8ae037227768,0.3333333333333333,1,1,,,0.0,0.2916666666666667,0.16666666666666666,1.0,0.3333333333333333,0.0,30,7,2.7773760562299166,27,1,0.0,1.91,29.88,0.0641,0.9
0x506cc0342a47a5c4d55c1f5185a27cd27773840c,0.33229166666666665,1,1,,,0.0,0.3333333333333333,0.10416666666666667,1.0,0.3333333333333333,0.0,48,8,2.530977134150485,19,1,0.5,-38.52,671.29,-0.0635,0.5682
0xa8171c1b8acf891e18a83f6f8f1fdb7bd7ec95d7,0.33166666666666667,1,1,,,0.0,0.4583333333333333,0.1,0.875,0.3333333333333333,0.0,30,11,2.2915326400709435,7,1,0.25,6.92,158.99,0.0435,0.4333
0xc62dce20795aa1af1ef13536644253e476645577,0.32976190476190476,1,1,,,0.0,0.2916666666666667,0.14285714285714285,1.0,0.3333333333333333,0.0,56,7,3.285314076875985,24,1,,-11.92,616.57,-0.0193,0.1786
0xcf9ad993829b853fce2c4a8dd4ed1952a33b72b2,0.3294117647058824,1,1,,,0.0,0.375,0.029411764705882353,0.5,1.0,0.0,68,9,2.432299936200669,4,7,,-14.89,202.07,-0.0737,0.6324
0xea5ea97ace089a67895dc11bb8aff9f30694a678,0.3289115646258503,1,1,,,0.0,0.3333333333333333,0.08163265306122448,1.0,0.3333333333333333,0.0,49,8,3.0634150184955486,23,1,0.0,-65.39,367.39,-0.178,0.2857
0x1054d9ca4aaa861f4ab0cbc1400b603e60e5e7aa,0.3286036036036036,1,1,,,0.0,0.2916666666666667,0.13513513513513514,1.0,0.3333333333333333,0.0,37,7,1.5732637521691215,31,1,0.0,0.44,128.72,0.0034,0.8378
0xc52a00057ffaca7ff902898c77db86745d78e37a,0.32796610169491525,1,1,,,0.0,0.25,0.1864406779661017,1.0,0.3333333333333333,0.0,59,6,3.40963654413129,11,1,,-14.27,239.46,-0.0596,0.7797
0x0619c5349f1ab4d84f79248966b8c285c7920379,0.3273809523809524,1,1,,,0.0,0.3333333333333333,0.07142857142857142,1.0,0.3333333333333333,0.0,42,8,1.934861148233593,19,1,1.0,-92.6,433.72,-0.2135,0.5714
0x68dbed42912551cbffcd15ff758ef62781ad44f0,0.3260416666666667,1,1,,,0.0,0.3333333333333333,0.0625,1.0,0.3333333333333333,0.0,32,8,2.641702044473293,10,1,0.3333,-47.23,5564.98,-0.0085,0.5
0x6873561567eec7eb4b59691c13fd712056c623de,0.3260416666666667,1,1,,,0.0,0.3333333333333333,0.0625,1.0,0.3333333333333333,0.0,32,8,1.9959758872823252,14,1,0.5,9.57,76.24,0.1255,0.5312
0x415e3a532159a4abb560adc759b92db278ca8f12,0.32532051282051283,1,1,,,0.0,0.3333333333333333,0.057692307692307696,1.0,0.3333333333333333,0.0,52,8,2.9258127019852926,18,1,0.1481,51.61,4719.84,0.0109,0.9615
0xfa019150e1a963e2566cef1be30ad5f727d69eed,0.325,1,1,,,0.0,0.3333333333333333,0.05555555555555555,1.0,0.3333333333333333,0.0,36,8,3.654229153971245,19,1,0.4444,-32.75,124.21,-0.3578,0.3333
0x1dda11b652905b9865379c19d9765492c3fa23bb,0.3233333333333333,1,1,,,0.0,0.2916666666666667,0.1,1.0,0.3333333333333333,0.0,30,7,1.745615006438932,18,1,0.3,61.5,12884.52,0.0048,0.9667
0xa9bd0b2cd7cf4ae2907ea5757d44894910fae555,0.3223270440251572,1,1,,,0.0,0.3333333333333333,0.03773584905660377,1.0,0.3333333333333333,0.0,53,8,1.3627527565099447,32,1,0.6667,257.62,2773.54,0.094,1.0
0x6ebca419255cd1a37d9505181c0cad69562a4a5c,0.321505376344086,1,1,,,0.0,0.3333333333333333,0.03225806451612903,1.0,0.3333333333333333,0.0,31,8,1.3606743412198268,17,1,,57.06,26092.7,0.0022,1.0
0x81b27b3548b76cff9f650c98d6e8b5e3a477cf28,0.31833333333333336,1,1,,,0.0,0.2916666666666667,0.06666666666666667,1.0,0.3333333333333333,0.0,30,7,1.8666981436106496,14,1,,-30.22,2805.79,-0.0108,0.7
0x3f0b450ec6b45633f60c16bbaabed9fdbd1ad571,0.31833333333333336,1,1,,,0.0,0.2916666666666667,0.06666666666666667,1.0,0.3333333333333333,0.0,45,7,2.415748045739099,18,1,1.0,-129.21,394.93,-0.3272,0.3333
0xafde461fce5aa0fabdb7711c59db93b65e343e1d,0.31742424242424244,1,1,,,0.0,0.2916666666666667,0.06060606060606061,1.0,0.3333333333333333,0.0,33,7,1.9288847804511584,17,1,0.2857,-115.66,443.8,-0.2646,0.25
0x56b381017b589fb0afb049137c8d4af2e7233fa2,0.3173694779116466,1,1,,,0.0,0.2916666666666667,0.060240963855421686,1.0,0.3333333333333333,0.0,166,7,5.655725148986596,24,1,0.431,246.11,7499.25,0.0488,0.5065
0x28b397ff9c7b42611bed6845854fb1d7797d7af3,0.31666666666666665,1,1,,,0.0,0.20833333333333334,0.16666666666666666,1.0,0.3333333333333333,0.0,30,5,1.3398265951929798,30,1,,25.45,513.05,0.05,0.3704
0x1a2baf3a78202d6bff4f140332c1deaa456abf2a,0.31485507246376815,1,1,,,0.0,0.2916666666666667,0.043478260869565216,1.0,0.3333333333333333,0.0,46,7,4.00638781770729,17,1,0.2778,237.1,5898.78,0.0485,0.9643
0xea89195d39e6c72e329a778fcc0a83316f3d26ab,0.31323529411764706,1,1,,,0.0,0.25,0.08823529411764706,1.0,0.3333333333333333,0.0,34,6,1.7517208543637113,20,1,0.0,36.41,2292.16,0.0159,0.9706
0x26fcaed12c31ed2af0c669319da068b05f144c27,0.3130952380952381,-1,1,,,0.0,0.08333333333333333,0.14285714285714285,0.625,1.0,0.0,49,2,5.01476168076187,5,5,,-163.73,245.0,-0.6683,0.3265
0xba6f08105f5494060172bce6ddd06f9248898c1f,0.3125,1,1,,,0.0,0.25,0.08333333333333333,1.0,0.3333333333333333,0.0,36,6,4.29066630122583,10,1,,-5.48,54.0,-0.1016,0.75
0x50347e86bde7e3fb36008e8908d23150c34092cf,0.3123655913978495,1,1,op_001,146.0,0.0,0.16666666666666666,0.1935483870967742,0.75,0.6666666666666666,0.0,31,4,2.9345619472158955,6,2,,-17.32,45.0,-0.385,0.4516
0x4df87e6ed86246d88efe8c79d148f40cbd0f74cf,0.30428571428571427,1,1,,,0.0,0.25,0.02857142857142857,1.0,0.3333333333333333,0.0,35,6,2.9257575012717716,8,1,,-669.92,4152.13,-0.1613,0.6286
0xe6c85f9d531bc274dc4aaf9f8baf8ad175acb8c0,0.3030952380952381,1,1,,,0.0,0.3333333333333333,0.24285714285714285,0.5,0.6666666666666666,0.0,70,8,3.7139425646092805,4,2,,-61.85,124.91,-0.6195,0.0889
0xd3ce28fad55e02e54680c1d414d4b921f1c7618d,0.3020833333333333,1,1,,,0.0,0.16666666666666666,0.125,1.0,0.3333333333333333,0.0,40,4,1.7264155408111757,24,1,0.4444,33.8,1878.79,0.018,1.0
0xf8385c870c94df7ad5db84557e3c1f46921dab26,0.3016666666666667,1,1,,,0.0,0.20833333333333334,0.06666666666666667,1.0,0.3333333333333333,0.0,30,5,2.170889037209008,22,1,0.6667,-8.89,204.98,-0.0434,0.3667
0xc445767a9154a3efce71eead6a697a76c3451724,0.30047619047619045,1,1,,,0.0,0.16666666666666666,0.11428571428571428,1.0,0.3333333333333333,0.0,35,4,1.6152805154866747,34,1,1.0,-13.82,114.78,-0.1234,0.5294
0x62fa919965d058a994938a84203209e6a1500c8a,0.3,-1,1,,,0.0,0.16666666666666666,0.1111111111111111,1.0,0.3333333333333333,0.0,45,4,4.5639013280570735,13,1,0.3077,16.48,2576.13,0.0064,0.9111
0xfb0c9ce4282d9d0664e87effbbc3dc8534e8862d,0.2932926829268293,1,1,,,0.0,0.25,0.12195121951219512,0.375,1.0,0.0,41,6,2.9269923122774157,3,4,0.3214,-22.69,73.54,-0.3086,0.2439
0x4e8a2983f18cbb0a53be9d91c4c9877d980cad94,0.2924242424242424,1,1,,,0.0,0.16666666666666666,0.06060606060606061,1.0,0.3333333333333333,0.0,33,4,1.3545489197359724,17,1,0.3333,153.54,247.58,0.6502,0.6774
0xb7a0607e6c96e750e969512d06f12dc44c1cb8aa,0.29065040650406504,1,1,,,0.0,0.2916666666666667,0.04878048780487805,0.375,1.0,0.0,41,7,2.236839534826073,3,7,,-1.48,26.52,-0.0558,0.8293
0xdbe1d397f88ee2382753c9f6c4819a176c6d608d,0.2882352941176471,-1,1,,,0.0,0.125,0.08823529411764706,1.0,0.3333333333333333,0.0,34,3,0.7148164973263129,30,1,0.1,6.92,4479.64,0.0016,1.0
0x1907ff4851466a1dd6fc8023ef80f27432fbd0c9,0.2816666666666667,1,1,,,0.0,0.20833333333333334,0.1,0.625,0.6666666666666666,0.0,30,5,3.510628473847837,5,2,,-2.37,11.99,-0.1973,0.2333
0xc758131ad969de57344ffa19e7a8a31730ec466e,0.2681818181818182,1,1,,,0.0,0.125,0.12121212121212122,0.625,0.6666666666666666,0.0,33,3,3.167928347554405,5,2,,0.68,79.77,0.0086,0.6364
0xdec06927bfa2d05279ca6c284d8fee83fa413baa,0.25618279569892477,1,1,,,0.0,0.20833333333333334,0.0967741935483871,0.75,0.3333333333333333,0.0,31,5,4.407081278121259,6,1,0.5,-161.05,784.92,-0.2052,0.4194
0xe06dbec5f478efa4266fc9f477dd3507a47eac24,0.23597560975609755,-1,1,,,0.0,0.125,0.07317073170731707,0.5,0.6666666666666666,0.0,41,3,4.690509521661416,4,2,,20.27,92.18,0.2199,0.7805
0x8f25c69bedff614f0ec6ec78aa2117073be55490,0.2356060606060606,-1,1,,,0.0,0.25,0.0707070707070707,0.125,0.3333333333333333,1.0,99,6,5.691880593831895,1,1,1.0,-151.56,1094.66,-0.1385,0.5556
0x5a33c155876969ba32e37b5c90d6534bdcf1308b,0.22435897435897434,1,1,,,0.0,0.20833333333333334,0.05128205128205128,0.625,0.3333333333333333,0.0,39,5,4.132179679332139,5,1,0.1538,133.31,1770.82,0.0753,0.8974
0xf7a28985e205608c529e68ff6c4144274683c0c5,0.18764367816091954,-1,1,,,0.0,0.16666666666666666,0.3620689655172414,0.25,0.3333333333333333,0.0,58,4,7.166368020468779,2,1,,2.38,751.44,0.0047,0.9744
0xd7e47c0a00eaa434dcce28c65e7cd0112c16352d,0.13495934959349593,-1,1,,,0.0,0.08333333333333333,0.12195121951219512,0.25,0.3333333333333333,0.0,164,2,12.61060012470876,2,1,,1.11,1.11,1.0,1.0
0xcec4431d35fa4bdeabfc6aa90cbc786fb8ca9258,0.13180428134556574,1,1,,,0.0,0.20833333333333334,0.10091743119266056,0.125,0.3333333333333333,0.0,109,5,1.750296236681033,1,1,,22.7,760.52,0.0299,0.8899
