condition_id,event_slug,event_title,question,bucket_label,city,metric,token_yes,token_no,resolution_source,station,start_date,end_date,closed,neg_risk,needs_review
0x7af2d105d1446fd7c0f10e370c4709783323e74534bff55691b0b68f13619e1b,highest-temperature-in-nyc-on-april-29-2026,Highest temperature in NYC on April 29?,Will the highest temperature in New York City be 53°F or below on April 29?,53°F or below,New York City,temperature,49006847074229006953817188558900115298689752464901439752490698609923306878032,2014728117294220258982098802944904163581998911110217790327563733038332879659,https://www.wunderground.com/history/daily/us/ny/new-york-city/KLGA,KLGA,2026-04-27T04:12:45.587848Z,2026-04-29T12:00:00Z,1,1,False
0xcd762988e7b5e083c32b3da610e3c6f6ef3c25abba6a97f43883cf2914042d60,highest-temperature-in-nyc-on-april-29-2026,Highest temperature in NYC on April 29?,Will the highest temperature in New York City be between 54-55°F on April 29?,54-55°F,New York City,temperature,92268406879053336501592941043383166349786273102463228556851139335293529530694,66769492750390818306927457350716008707930315846825512136903141683747873153717,https://www.wunderground.com/history/daily/us/ny/new-york-city/KLGA,KLGA,2026-04-27T04:12:51.378021Z,2026-04-29T12:00:00Z,1,1,False
0x3e35bf33c107c06ed70a2df4ad9c26aa047e8de4c681803bd4d31ecef1e0c83d,highest-temperature-in-nyc-on-april-29-2026,Highest temperature in NYC on April 29?,Will the highest temperature in New York City be between 56-57°F on April 29?,56-57°F,New York City,temperature,96838941234027829732305411550711277987639179712642919756840484777019156354767,85400565930386016856386886325914326464532100821271832008757329882129573103633,https://www.wunderground.com/history/daily/us/ny/new-york-city/KLGA,KLGA,2026-04-27T04:12:53.466703Z,2026-04-29T12:00:00Z,1,1,False
0x39dbd64db350213c21b50024137be4610abe2a94dc571c6936589a692aba8984,highest-temperature-in-nyc-on-april-29-2026,Highest temperature in NYC on April 29?,Will the highest temperature in New York City be between 58-59°F on April 29?,58-59°F,New York City,temperature,90303835805661223536352876623166546048631409777708611783286022525445829621012,39317703207264398027898442818741213243519712978516395417140160812423845923877,https://www.wunderground.com/history/daily/us/ny/new-york-city/KLGA,KLGA,2026-04-27T04:13:05.613856Z,2026-04-29T12:00:00Z,1,1,False
0x37fa48589aac1c4f0b9798c2422a295a188aa9ad836d5ae7300e0ae5899886e1,highest-temperature-in-nyc-on-april-29-2026,Highest temperature in NYC on April 29?,Will the highest temperature in New York City be between 60-61°F on April 29?,60-61°F,New York City,temperature,75827204798786131401663146345551131942405869072875549023513474245053452704322,49088810952889975478535482705313229988107149757520458227760319894709800379167,https://www.wunderground.com/history/daily/us/ny/new-york-city/KLGA,KLGA,2026-04-27T04:13:11.51594Z,2026-04-29T12:00:00Z,1,1,False
0xd440aad17fb58681f7ae6d8a5e7d1455b8ade10da2ddfd2e62af481b6850c3c5,highest-temperature-in-nyc-on-april-29-2026,Highest temperature in NYC on April 29?,Will the highest temperature in New York City be between 62-63°F on April 29?,62-63°F,New York City,temperature,77334525594143766914148607397601933212765354329885719619106807589482474852659,105590532096769489867802556189416422949602773679711031564107147137226192176212,https://www.wunderground.com/history/daily/us/ny/new-york-city/KLGA,KLGA,2026-04-27T04:13:13.828689Z,2026-04-29T12:00:00Z,1,1,False
0xbec65a94083a26d780658cd465f3902f6023e39d4bb7425f55a830babb17403f,highest-temperature-in-nyc-on-april-29-2026,Highest temperature in NYC on April 29?,Will the highest temperature in New York City be between 64-65°F on April 29?,64-65°F,New York City,temperature,92105721838533303240519889355021553428341707195358503708229940205519726868034,24935946010127844359658147598346984500690535808476042158983437990105404024280,https://www.wunderground.com/history/daily/us/ny/new-york-city/KLGA,KLGA,2026-04-27T04:13:15.656108Z,2026-04-29T12:00:00Z,1,1,False
0x85661d9fb557dca0f38c86b00f4ed61704a5f4205aa97f6c19beebb06d9ea87c,highest-temperature-in-nyc-on-april-29-2026,Highest temperature in NYC on April 29?,Will the highest temperature in New York City be between 66-67°F on April 29?,66-67°F,New York City,temperature,8055887685722437711067063529427215721698343081604316103486006618408412436634,17167246680774589290313792961968680990029525000138451263156155375082043066647,https://www.wunderground.com/history/daily/us/ny/new-york-city/KLGA,KLGA,2026-04-27T04:13:23.673317Z,2026-04-29T12:00:00Z,1,1,False
0x243e6863eb8da6ba622fe4bebbe0414d682c4cc3f4eeafc8e3a915dc2123b461,highest-temperature-in-nyc-on-april-29-2026,Highest temperature in NYC on April 29?,Will the highest temperature in New York City be between 68-69°F on April 29?,68-69°F,New York City,temperature,25819884761228245261248645637206970459288440893724579509528829708496783197597,12608861934376453773214532844112244985938952959062556212288638508314933451612,https://www.wunderground.com/history/daily/us/ny/new-york-city/KLGA,KLGA,2026-04-27T04:13:35.997973Z,2026-04-29T12:00:00Z,1,1,False
0xcbb7b524bbcc601b41c09e392a446c6080bdbed36e4e5320ac89dc6615566fdc,highest-temperature-in-nyc-on-april-29-2026,Highest temperature in NYC on April 29?,Will the highest temperature in New York City be between 70-71°F on April 29?,70-71°F,New York City,temperature,46090909329138110787717111735181475964272965747839542036244846892138620336955,92370764391759984363307760287313174023337228586687808570172116895130345473180,https://www.wunderground.com/history/daily/us/ny/new-york-city/KLGA,KLGA,2026-04-27T04:13:38.980988Z,2026-04-29T12:00:00Z,1,1,False
0xa8d31bae2f0bf771a9cf811711e2e3480499bba6f22203eeb0026eca0e255beb,highest-temperature-in-nyc-on-april-29-2026,Highest temperature in NYC on April 29?,Will the highest temperature in New York City be 72°F or higher on April 29?,72°F or higher,New York City,temperature,327321009895391435545103992638380162531392137836220769391141930920419286521,68613293024463308763118966292963459219428701248548080084357467258195855874077,https://www.wunderground.com/history/daily/us/ny/new-york-city/KLGA,KLGA,2026-04-27T04:13:39.235974Z,2026-04-29T12:00:00Z,1,1,False
0xcded1d69cb4b481966def4eab8a1d87b45f431cc096fa0af4635c91481fbec52,highest-temperature-in-nyc-on-april-30-2026,Highest temperature in NYC on April 30?,Will the highest temperature in New York City be 55°F or below on April 30?,55°F or below,New York City,temperature,38139966956434306614287364047646631458886490752918308949448768842841153446117,1953612949993933505384908599008374374359483322265048397156399900364402430328,https://www.wunderground.com/history/daily/us/ny/new-york-city/KLGA,KLGA,2026-04-28T19:10:07.472926Z,2026-04-30T12:00:00Z,1,1,False
0x6292b33a9d2036b66f306d5312a4033cc2f98b5d721aaa84b7213464bdf1938d,highest-temperature-in-nyc-on-april-30-2026,Highest temperature in NYC on April 30?,Will the highest temperature in New York City be between 56-57°F on April 30?,56-57°F,New York City,temperature,112350886388406808008777581541746018664217564852365455288714937927393254988668,29833168915129533659801082394649236633570773335704178706043297590800773958564,https://www.wunderground.com/history/daily/us/ny/new-york-city/KLGA,KLGA,2026-04-28T18:40:48.124824Z,2026-04-30T12:00:00Z,1,1,False
0x9453ab60ffea0f2e1c3ccdb7b1e660e329561df99de8d31ab269c57551170661,highest-temperature-in-nyc-on-april-30-2026,Highest temperature in NYC on April 30?,Will the highest temperature in New York City be between 58-59°F on April 30?,58-59°F,New York City,temperature,33747811083765248477014524285146216918068043893692371298597102800077156702989,41255511895791680551390139363207918971801287261665319956883457183701757604694,https://www.wunderground.com/history/daily/us/ny/new-york-city/KLGA,KLGA,2026-04-28T18:40:49.881101Z,2026-04-30T12:00:00Z,1,1,False
0xf4c1174fb179e8e20cd981b9d5f84d08cc78665965283b87b64224ef2316d502,highest-temperature-in-nyc-on-april-30-2026,Highest temperature in NYC on April 30?,Will the highest temperature in New York City be between 60-61°F on April 30?,60-61°F,New York City,temperature,43693339126065575197634097167969944380784353263159947018335904994641765015233,55213622839722505955826235817640616021167679513655911718801704010180444334000,https://www.wunderground.com/history/daily/us/ny/new-york-city/KLGA,KLGA,2026-04-28T19:01:23.75839Z,2026-04-30T12:00:00Z,1,1,False
0xbf081d326b9af46175aad26b9e20b4c61e0622c637a4a629fb1a420aaee1e24a,highest-temperature-in-nyc-on-april-30-2026,Highest temperature in NYC on April 30?,Will the highest temperature in New York City be between 62-63°F on April 30?,62-63°F,New York City,temperature,20935571474473969789059045379556220369740657133736680115097761838964217321675,105968760523818034594056249873850092654986801409613865072995658861833020062114,https://www.wunderground.com/history/daily/us/ny/new-york-city/KLGA,KLGA,2026-04-28T19:04:23.827923Z,2026-04-30T12:00:00Z,1,1,False
0xd071e07280d1cbe7cc4a00dad656ef74ef57b2c7b41e114481cc0b1751767955,highest-temperature-in-nyc-on-april-30-2026,Highest temperature in NYC on April 30?,Will the highest temperature in New York City be between 64-65°F on April 30?,64-65°F,New York City,temperature,72609837164544121431470045387949134022810370094855839547988398415526142457780,11362220534817553618907160102990635924033312641587552166367741893248246618619,https://www.wunderground.com/history/daily/us/ny/new-york-city/KLGA,KLGA,2026-04-28T18:40:53.879338Z,2026-04-30T12:00:00Z,1,1,False
0x372a1b03b117e618e3810b454973b7c6dbeb0e5534e7cca2d41285116302d8bb,highest-temperature-in-nyc-on-april-30-2026,Highest temperature in NYC on April 30?,Will the highest temperature in New York City be between 66-67°F on April 30?,66-67°F,New York City,temperature,68609607482927166433008430512658812471464158406750651257415505072603607383697,26971804562835330860440477788234339328426037933162116980401191355710004155731,https://www.wunderground.com/history/daily/us/ny/new-york-city/KLGA,KLGA,2026-04-28T18:40:59.916248Z,2026-04-30T12:00:00Z,1,1,False
0xf55ddf59e66a33fd3c1209ffe7592397758dbf50148d88ffe13e1c4cc1f31230,highest-temperature-in-nyc-on-april-30-2026,Highest temperature in NYC on April 30?,Will the highest temperature in New York City be between 68-69°F on April 30?,68-69°F,New York City,temperature,655738284228288965665532589743553056385328484904535347933521668593471462851,11859886846249356129296271519076018821260262946861750627769459744884391008510,https://www.wunderground.com/history/daily/us/ny/new-york-city/KLGA,KLGA,2026-04-28T18:41:01.921108Z,2026-04-30T12:00:00Z,1,1,False
0xa6efb8bcfe6b2108f14110e81e6982df98aebfc114d763f4e683a9162c0fbabd,highest-temperature-in-nyc-on-april-30-2026,Highest temperature in NYC on April 30?,Will the highest temperature in New York City be between 70-71°F on April 30?,70-71°F,New York City,temperature,24547969902447937032476675642629721260380573996673360039826982480306937224558,38540535494199415564812871826838561015168236842954385577226367459858289906896,https://www.wunderground.com/history/daily/us/ny/new-york-city/KLGA,KLGA,2026-04-28T18:41:04.250679Z,2026-04-30T12:00:00Z,1,1,False
0xb01aa3a7c3568eec1c02ddfac633f51e60eeddac94b215b01ff1ba05024b43f6,highest-temperature-in-nyc-on-april-30-2026,Highest temperature in NYC on April 30?,Will the highest temperature in New York City be between 72-73°F on April 30?,72-73°F,New York City,temperature,62016788579757432978840848077855986202803068497857525999431270236698880063397,69353361082881011151899624354789615264930353173092608396862026701461810986575,https://www.wunderground.com/history/daily/us/ny/new-york-city/KLGA,KLGA,2026-04-28T18:41:03.995792Z,2026-04-30T12:00:00Z,1,1,False
0x8d1174a43423829a459df534f22f316f96e092509c3791f9272db522b5b502ad,highest-temperature-in-nyc-on-april-30-2026,Highest temperature in NYC on April 30?,Will the highest temperature in New York City be 74°F or higher on April 30?,74°F or higher,New York City,temperature,95128186859780024455691388471531388764871998882940589542207231319801896681731,24323691131486628484001066430143354962099529089009516680773090032182558973125,https://www.wunderground.com/history/daily/us/ny/new-york-city/KLGA,KLGA,2026-04-28T18:41:06.214325Z,2026-04-30T12:00:00Z,1,1,False
0xf38b84905ef6e7aad6aea7408340858a9775169815ebfbd9e9fbece4da7325a8,highest-temperature-in-nyc-on-may-1-2026,Highest temperature in NYC on May 1?,Will the highest temperature in New York City be 53°F or below on May 1?,53°F or below,New York City,temperature,19120346304865798391453428589153445659017552104772196014925156404706212011206,49490561888518278187074434583165507078234334687053871357035117170402896617179,https://www.wunderground.com/history/daily/us/ny/new-york-city/KLGA,KLGA,2026-04-29T04:33:32.241136Z,2026-05-01T12:00:00Z,1,1,False
0xdc209dd0a575578fd89e3296ae7335ef3c7c5e8750a6639fc8fcfebadb466a41,highest-temperature-in-nyc-on-may-1-2026,Highest temperature in NYC on May 1?,Will the highest temperature in New York City be between 54-55°F on May 1?,54-55°F,New York City,temperature,13679206019513896189339736076383759909004549140432012130153963974762357362809,12550194196788268265793676869731551402491108500169614189091491168858747087521,https://www.wunderground.com/history/daily/us/ny/new-york-city/KLGA,KLGA,2026-04-29T04:33:40.412329Z,2026-05-01T12:00:00Z,1,1,False
0xe747521825487cd495ef377b54203a3701908313ccc60d4e5c30933532d0172b,highest-temperature-in-nyc-on-may-1-2026,Highest temperature in NYC on May 1?,Will the highest temperature in New York City be between 56-57°F on May 1?,56-57°F,New York City,temperature,26747578528150848726627228390187445004817029885170899915392436490679691117648,49965359830621832245625039390432138387381890054807247607321803844396011454943,https://www.wunderground.com/history/daily/us/ny/new-york-city/KLGA,KLGA,2026-04-29T04:33:42.778788Z,2026-05-01T12:00:00Z,1,1,False
0x84730ffcd197beeb541d3d6722f8ddb56ba659d55019a23f2c7b72974be6e58c,highest-temperature-in-nyc-on-may-1-2026,Highest temperature in NYC on May 1?,Will the highest temperature in New York City be between 58-59°F on May 1?,58-59°F,New York City,temperature,25586936376967017099102632651066027056634047866011337964397938085443295707379,21360005156802254872661109493645755725247928886539239385378249943450053741109,https://www.wunderground.com/history/daily/us/ny/new-york-city/KLGA,KLGA,2026-04-29T04:33:44.559008Z,2026-05-01T12:00:00Z,1,1,False
0x7f839cd5fef00b266069b3478694d397dd0175edcbee0bb00f18e38a2f5a6b46,highest-temperature-in-nyc-on-may-1-2026,Highest temperature in NYC on May 1?,Will the highest temperature in New York City be between 60-61°F on May 1?,60-61°F,New York City,temperature,87678586175574331669934446440013872013367892282159650166325558541471832525797,109990978708801418684518337873341427914157660863813536983146784500433161856357,https://www.wunderground.com/history/daily/us/ny/new-york-city/KLGA,KLGA,2026-04-29T04:33:45.608893Z,2026-05-01T12:00:00Z,1,1,False
0xabebde5f53fc6230130b394fd7654b848bc6655751e3ceacbbf1dbf0d49d5e7e,highest-temperature-in-nyc-on-may-1-2026,Highest temperature in NYC on May 1?,Will the highest temperature in New York City be between 62-63°F on May 1?,62-63°F,New York City,temperature,17174623049207672483054886745774521879227242237020660519656109984280924316818,97822926352863525089021106483656999479330918700025800367559876185269425743193,https://www.wunderground.com/history/daily/us/ny/new-york-city/KLGA,KLGA,2026-04-29T04:33:56.669821Z,2026-05-01T12:00:00Z,1,1,False
0xac02d16939161432f8826ff0e4b3bec57d44def9fa667d0ef65f169da9683b7f,highest-temperature-in-nyc-on-may-1-2026,Highest temperature in NYC on May 1?,Will the highest temperature in New York City be between 64-65°F on May 1?,64-65°F,New York City,temperature,46531982177605876420128119446088046408927866654399533666599064819373623343582,25417933126470035686996458641799429529687263187042126401821847538537060287454,https://www.wunderground.com/history/daily/us/ny/new-york-city/KLGA,KLGA,2026-04-29T04:34:02.472535Z,2026-05-01T12:00:00Z,1,1,False
0x71b60ae63c0558e82c79dd3fe64cdbf54d3373954556a8076e52d44413be6608,highest-temperature-in-nyc-on-may-1-2026,Highest temperature in NYC on May 1?,Will the highest temperature in New York City be between 66-67°F on May 1?,66-67°F,New York City,temperature,112427814875437177278253050645630679572376427539658473067260075642179728513653,551936136487113065805021515819866115041387216741756338437281919572815061964,https://www.wunderground.com/history/daily/us/ny/new-york-city/KLGA,KLGA,2026-04-29T04:34:04.485792Z,2026-05-01T12:00:00Z,1,1,False
0xd63e55ce9269a47a8e876043b8f9d72ba6d3aba208fafdebfde15f8f9a7f9d8e,highest-temperature-in-nyc-on-may-1-2026,Highest temperature in NYC on May 1?,Will the highest temperature in New York City be between 68-69°F on May 1?,68-69°F,New York City,temperature,25971721474029363382729229405418902689302298503299087531155549630947983823232,113841774111689046009140851767097812696306670978422722692639658525135765652760,https://www.wunderground.com/history/daily/us/ny/new-york-city/KLGA,KLGA,2026-04-29T04:34:14.302465Z,2026-05-01T12:00:00Z,1,1,False
0xb617a57694e123201a8a914f6e13d7f78eadabff3f39f806a22ffc0c880d9e36,highest-temperature-in-nyc-on-may-1-2026,Highest temperature in NYC on May 1?,Will the highest temperature in New York City be between 70-71°F on May 1?,70-71°F,New York City,temperature,112687253503798860427803583716895768008895448455164966107935199217713985874190,103406348720762938655902732302700505098074047867427075956502676931463079283038,https://www.wunderground.com/history/daily/us/ny/new-york-city/KLGA,KLGA,2026-04-29T04:34:16.011243Z,2026-05-01T12:00:00Z,1,1,False
0xb428ace89a81377f4356ccef16daf1a9fb174caebbebd622fb9d6c2e2ba83c9e,highest-temperature-in-nyc-on-may-1-2026,Highest temperature in NYC on May 1?,Will the highest temperature in New York City be 72°F or higher on May 1?,72°F or higher,New York City,temperature,55775407662283218422154396985348630028846291513306694067129584566424819924208,99908573947627491429684190140965051619713537062591624870285005636900691580618,https://www.wunderground.com/history/daily/us/ny/new-york-city/KLGA,KLGA,2026-04-29T04:34:16.747472Z,2026-05-01T12:00:00Z,1,1,False
0x13e33ac10b1fa3c4b942f5d07f341e9d5c0c77c1f98fa81929159d26c0d1248c,highest-temperature-in-nyc-on-may-2-2026,Highest temperature in NYC on May 2?,Will the highest temperature in New York City be 51°F or below on May 2?,51°F or below,New York City,temperature,65278594669794251850663676306534594093274944760715650078355316637278777426395,94031335143302508079696767420422504482099632975010842468113185523559322425146,https://www.wunderground.com/history/daily/us/ny/new-york-city/KLGA,KLGA,2026-04-30T04:12:59.595182Z,2026-05-02T12:00:00Z,1,1,False
0x0d3999f01bb2e1337a161714fb343f6723f2a680085e0820042b1692f903d970,highest-temperature-in-nyc-on-may-2-2026,Highest temperature in NYC on May 2?,Will the highest temperature in New York City be between 52-53°F on May 2?,52-53°F,New York City,temperature,53686182117992458356247745474686860383191624176127587227683249609684967510052,44618954368125602713783581877216918730919484072467944114882128797550944071496,https://www.wunderground.com/history/daily/us/ny/new-york-city/KLGA,KLGA,2026-04-30T04:13:05.613886Z,2026-05-02T12:00:00Z,1,1,False
0x0fcc6d1d179d48e31855f9178ae37e317fa78a5c984312e3b36efed995e3f272,highest-temperature-in-nyc-on-may-2-2026,Highest temperature in NYC on May 2?,Will the highest temperature in New York City be between 54-55°F on May 2?,54-55°F,New York City,temperature,1062737361520018124194677340245494438719293110584550514724743384235218672826,7944210878762911805116561137076782598159815885126735824508901546518709655603,https://www.wunderground.com/history/daily/us/ny/new-york-city/KLGA,KLGA,2026-04-30T04:13:07.633573Z,2026-05-02T12:00:00Z,1,1,False
0xed95e685fb657a756817192c9f54ddf95747724b9478b07008960b1dc46c5762,highest-temperature-in-nyc-on-may-2-2026,Highest temperature in NYC on May 2?,Will the highest temperature in New York City be between 56-57°F on May 2?,56-57°F,New York City,temperature,96454938822373693880095395033884212544400786093091136756509284387334707153688,99018439301292042923549555174530082797502965312647174283495252378760078549687,https://www.wunderground.com/history/daily/us/ny/new-york-city/KLGA,KLGA,2026-04-30T04:13:15.95018Z,2026-05-02T12:00:00Z,1,1,False
0xd0913ead92f7451134cab0c7d0ebd77cc0ba7448018935cad78c6e62323557f8,highest-temperature-in-nyc-on-may-2-2026,Highest temperature in NYC on May 2?,Will the highest temperature in New York City be between 58-59°F on May 2?,58-59°F,New York City,temperature,34092911796708402970456873334561375450579976047091441911407105201644769625819,16436355159396254075711327979024531232787963894710741073302103468011467417694,https://www.wunderground.com/history/daily/us/ny/new-york-city/KLGA,KLGA,2026-04-30T04:13:15.690597Z,2026-05-02T12:00:00Z,1,1,False
0x6b1b7098406ae5f5800b899d8b8df8c3bed550997a091538e9eeb749b43aa47a,highest-temperature-in-nyc-on-may-2-2026,Highest temperature in NYC on May 2?,Will the highest temperature in New York City be between 60-61°F on May 2?,60-61°F,New York City,temperature,83697308151719305006363848770101671449598060239451058728018101375485277157232,72214350544743514583818853247833603550114831986904141414320650765457675730622,https://www.wunderground.com/history/daily/us/ny/new-york-city/KLGA,KLGA,2026-04-30T04:13:28.111491Z,2026-05-02T12:00:00Z,1,1,False
0x6d5ba66a009a0200eb3fd5b83c99388664bb4dddbfbe168e8ea34664e75d36c1,highest-temperature-in-nyc-on-may-2-2026,Highest temperature in NYC on May 2?,Will the highest temperature in New York City be between 62-63°F on May 2?,62-63°F,New York City,temperature,5964369492934403226493988333985909065090026147679849077136436915741743551567,546759767430940691613354512379515324331113199558002686694818486430918614026,https://www.wunderground.com/history/daily/us/ny/new-york-city/KLGA,KLGA,2026-04-30T04:13:19.79495Z,2026-05-02T12:00:00Z,1,1,False
0x8033e111fae100c2e8f538f1eba73ed2ed851ee1f4b3130b927ffb7c48a8db48,highest-temperature-in-nyc-on-may-2-2026,Highest temperature in NYC on May 2?,Will the highest temperature in New York City be between 64-65°F on May 2?,64-65°F,New York City,temperature,20270932205264318699494154393561312137951213332412130770080648056521580328983,98095600798818678022933818959158940403924426941560848869016348439330558196637,https://www.wunderground.com/history/daily/us/ny/new-york-city/KLGA,KLGA,2026-04-30T04:13:28.36608Z,2026-05-02T12:00:00Z,1,1,False
0x040367e41aa278891725532b0270755473ffe4adbd2aa808b7c8402ad068a9e1,highest-temperature-in-nyc-on-may-2-2026,Highest temperature in NYC on May 2?,Will the highest temperature in New York City be between 66-67°F on May 2?,66-67°F,New York City,temperature,83387408750277989320667249269866163831121894151948619289633243412369426241151,71787140137204045024254699687223122651090933708356367468220761549537535806786,https://www.wunderground.com/history/daily/us/ny/new-york-city/KLGA,KLGA,2026-04-30T04:13:32.186877Z,2026-05-02T12:00:00Z,1,1,False
0x4792a91f92d2ba14ab49dddd4cb0ab19160d2fb86dcac5832b13f91fa8d8b04d,highest-temperature-in-nyc-on-may-2-2026,Highest temperature in NYC on May 2?,Will the highest temperature in New York City be between 68-69°F on May 2?,68-69°F,New York City,temperature,32212408420892558944467968842780582258653472128527437151772356523413327068902,20173162515534918178378226347982690779063255137655681189031239783410672318696,https://www.wunderground.com/history/daily/us/ny/new-york-city/KLGA,KLGA,2026-04-30T04:13:34.451347Z,2026-05-02T12:00:00Z,1,1,False
0x85bdbc880f3cc25abfbd7fa1f9e01ccbd6d422c3690a59ee738c22c42a04ce0e,highest-temperature-in-nyc-on-may-2-2026,Highest temperature in NYC on May 2?,Will the highest temperature in New York City be 70°F or higher on May 2?,70°F or higher,New York City,temperature,68944522500507434556821997702523921323519023092169608045410988090511711797781,40264778822832719742583116339659775405140914620401591664066641043188443753881,https://www.wunderground.com/history/daily/us/ny/new-york-city/KLGA,KLGA,2026-04-30T04:13:36.187432Z,2026-05-02T12:00:00Z,1,1,False
0x299700f5cfe511be15376e95f4ccfd4d4f606dc8e5a3acd335be7113f4d4e48a,highest-temperature-in-nyc-on-may-3-2026,Highest temperature in NYC on May 3?,Will the highest temperature in New York City be 53°F or below on May 3?,53°F or below,New York City,temperature,56701397020546147975717939046208910423763770571207066302115813977772889732882,112670750739812665529994510410955951249792437063232827931548162251799931073512,https://www.wunderground.com/history/daily/us/ny/new-york-city/KLGA,KLGA,2026-05-01T04:19:13.818908Z,2026-05-03T12:00:00Z,1,1,False
0x5512e752412b7e4eb5cb321d6c6c3161fa5bf6146fa51d06bc5016871b6f3104,highest-temperature-in-nyc-on-may-3-2026,Highest temperature in NYC on May 3?,Will the highest temperature in New York City be between 54-55°F on May 3?,54-55°F,New York City,temperature,62257443225512765640991802749078479290388269646952498322940053631358030110395,91182493322338202338781758534268493532363949415332422856271108048003747757826,https://www.wunderground.com/history/daily/us/ny/new-york-city/KLGA,KLGA,2026-05-01T04:19:16.13396Z,2026-05-03T12:00:00Z,1,1,False
0x2e77ccc3c7c1f51b4ac39afb77ac57f6922821e8fe655c6c4434183c6e118a4e,highest-temperature-in-nyc-on-may-3-2026,Highest temperature in NYC on May 3?,Will the highest temperature in New York City be between 56-57°F on May 3?,56-57°F,New York City,temperature,45065144908997271141991549409103625342697234958047583389640835547474647486543,42762118500059492317151494023976722266877255255011994257559626347813699983707,https://www.wunderground.com/history/daily/us/ny/new-york-city/KLGA,KLGA,2026-05-01T04:19:17.130573Z,2026-05-03T12:00:00Z,1,1,False
0xce230a85613e9a03c7ecda8c1d8c059dc15a2aea1ab56313fd4a4ed84ddf8ac7,highest-temperature-in-nyc-on-may-3-2026,Highest temperature in NYC on May 3?,Will the highest temperature in New York City be between 58-59°F on May 3?,58-59°F,New York City,temperature,82491619557810003102222883877927340374098396337738846134535555915184520433438,43453013588892232231098101201898714418188024908026514614377421408301003844362,https://www.wunderground.com/history/daily/us/ny/new-york-city/KLGA,KLGA,2026-05-01T04:19:22.526363Z,2026-05-03T12:00:00Z,1,1,False
0xb802d92a69b036a2d7aaa7253f4793c753f5e67aa658a59bfa61856f55f97970,highest-temperature-in-nyc-on-may-3-2026,Highest temperature in NYC on May 3?,Will the highest temperature in New York City be between 60-61°F on May 3?,60-61°F,New York City,temperature,1794237082562925347177810067897695567134369744073028572751384881847430061216,45295985362218268567851750129037853222447949505290532813231235720204993029985,https://www.wunderground.com/history/daily/us/ny/new-york-city/KLGA,KLGA,2026-05-01T04:19:33.52608Z,2026-05-03T12:00:00Z,1,1,False
0xcbd839fed2e6150ece7bbd38ba3ed6a01fb1fcd5d8cdd8a5b68308e997fc4445,highest-temperature-in-nyc-on-may-3-2026,Highest temperature in NYC on May 3?,Will the highest temperature in New York City be between 62-63°F on May 3?,62-63°F,New York City,temperature,40364631894305674755434059896858108552941402729421534167031594974714375363696,14385694053813587113337635814665089615313306849703882241770143661723108620857,https://www.wunderground.com/history/daily/us/ny/new-york-city/KLGA,KLGA,2026-05-01T04:19:45.611754Z,2026-05-03T12:00:00Z,1,1,False
0x6307c1e4743037c860de1e550269cf6c7109dc385e9fb620c448355f43fac5cd,highest-temperature-in-nyc-on-may-3-2026,Highest temperature in NYC on May 3?,Will the highest temperature in New York City be between 64-65°F on May 3?,64-65°F,New York City,temperature,52291172084089495860644766818000020261576154277750669438836580668084832140954,2456027663642050631427753528063367682590186510679923884200597347651098358409,https://www.wunderground.com/history/daily/us/ny/new-york-city/KLGA,KLGA,2026-05-01T04:19:39.826148Z,2026-05-03T12:00:00Z,1,1,False
0xc73ded3394270c309962cb34e843ff5eb00e7f2a2d9ac0d658ca80343bd75745,highest-temperature-in-nyc-on-may-3-2026,Highest temperature in NYC on May 3?,Will the highest temperature in New York City be between 66-67°F on May 3?,66-67°F,New York City,temperature,15507395032443031435397955019655966921180451349073513918324857044062312245389,60578264819410112512985920264607138771930723382051779901848357219318990805427,https://www.wunderground.com/history/daily/us/ny/new-york-city/KLGA,KLGA,2026-05-01T04:19:47.432511Z,2026-05-03T12:00:00Z,1,1,False
0xab5f25cd30ba9be4db68da6ee173965467ee1565a30f7718d107a39e3ed5a3c2,highest-temperature-in-nyc-on-may-3-2026,Highest temperature in NYC on May 3?,Will the highest temperature in New York City be between 68-69°F on May 3?,68-69°F,New York City,temperature,16599227803540008689861499578834276776458569399404370987565732283853025561442,3525693975081772919188395147528513312662312709353530138348414427802446436362,https://www.wunderground.com/history/daily/us/ny/new-york-city/KLGA,KLGA,2026-05-01T04:19:49.509885Z,2026-05-03T12:00:00Z,1,1,False
0x89dea46dcfe7f2c0fe27d479f517876836b330538b2a0dbe51e8ff7c51cc3a23,highest-temperature-in-nyc-on-may-3-2026,Highest temperature in NYC on May 3?,Will the highest temperature in New York City be between 70-71°F on May 3?,70-71°F,New York City,temperature,38623962248477001206787428431458998513943744469913671526347230426119348316712,53368383949674171545169987247618750197350009585753005832808426707430573207401,https://www.wunderground.com/history/daily/us/ny/new-york-city/KLGA,KLGA,2026-05-01T04:19:57.611539Z,2026-05-03T12:00:00Z,1,1,False
0x7369f593c91063ced27f8405a70b84c13f062df32ebd72c47237c2d9e3dd54d6,highest-temperature-in-nyc-on-may-3-2026,Highest temperature in NYC on May 3?,Will the highest temperature in New York City be 72°F or higher on May 3?,72°F or higher,New York City,temperature,48527406499563623817179491861892624560781439147292770417627139239033094535897,102934912067990110672566853100191067405579957624029068336262873404430439957950,https://www.wunderground.com/history/daily/us/ny/new-york-city/KLGA,KLGA,2026-05-01T04:20:00.649817Z,2026-05-03T12:00:00Z,1,1,False
0x3cf782ecdb93cd029c29de52e2c2dedce4278d1ae0dc9fdda5030c82306ce8b6,highest-temperature-in-nyc-on-may-4-2026,Highest temperature in NYC on May 4?,Will the highest temperature in New York City be 61°F or below on May 4?,61°F or below,New York City,temperature,18643602517856573795986142033588334328296851324480599716110286827790350605979,11671691756300508484201691945471980526880241759914186810870120883159095704017,https://www.wunderground.com/history/daily/us/ny/new-york-city/KLGA,KLGA,2026-05-02T04:19:54.348506Z,2026-05-04T12:00:00Z,1,1,False
0x90c24efabe37db7175a9df3ddf140d32979e01554fc053477b133a5669f0bdce,highest-temperature-in-nyc-on-may-4-2026,Highest temperature in NYC on May 4?,Will the highest temperature in New York City be between 62-63°F on May 4?,62-63°F,New York City,temperature,13772100869014941045854192632042411812155850025681172845723963300887877445610,18219278826945960209919917477115592212105948835714041989611941644739795268287,https://www.wunderground.com/history/daily/us/ny/new-york-city/KLGA,KLGA,2026-05-02T04:19:56.39485Z,2026-05-04T12:00:00Z,1,1,False
0x7e14754044f8a54389e2bec942971adb2e1347e8c30beaa9139d61394e90b723,highest-temperature-in-nyc-on-may-4-2026,Highest temperature in NYC on May 4?,Will the highest temperature in New York City be between 64-65°F on May 4?,64-65°F,New York City,temperature,88683011850236120616209376259771383239794356084667375785808537351459044556041,83222341228823220502149202432652843078884589370733689304543765065525234485416,https://www.wunderground.com/history/daily/us/ny/new-york-city/KLGA,KLGA,2026-05-02T04:20:00.583863Z,2026-05-04T12:00:00Z,1,1,False
0xb51c2fe7006da784f7ddf3dbc0794c5e76aebfa86af33f5846d73f847730d31c,highest-temperature-in-nyc-on-may-4-2026,Highest temperature in NYC on May 4?,Will the highest temperature in New York City be between 66-67°F on May 4?,66-67°F,New York City,temperature,27369515729029244643378948188330406159464131834997026085603826715232097722454,35142589172678288711060710029224223322850523936595945821831471928636382869636,https://www.wunderground.com/history/daily/us/ny/new-york-city/KLGA,KLGA,2026-05-02T04:20:06.554903Z,2026-05-04T12:00:00Z,1,1,False
0xa8d8a67c23bdd3c6dda138d0da6c0a6123027d478497a6d3e1154f0afcaabac4,highest-temperature-in-nyc-on-may-4-2026,Highest temperature in NYC on May 4?,Will the highest temperature in New York City be between 68-69°F on May 4?,68-69°F,New York City,temperature,7061800758437370060102707336172444634149824494439555255084313989204903899388,54960103186054043145693327307228399198397727363330337326396500768034716130886,https://www.wunderground.com/history/daily/us/ny/new-york-city/KLGA,KLGA,2026-05-02T04:20:08.372003Z,2026-05-04T12:00:00Z,1,1,False
0x3bb0ffc2e326f12d9fe75ab70d876725284622e5ebaa6c5a485845ca9027d9fc,highest-temperature-in-nyc-on-may-4-2026,Highest temperature in NYC on May 4?,Will the highest temperature in New York City be between 70-71°F on May 4?,70-71°F,New York City,temperature,15988961772095566680290858360514350296536579679658271241799605973761905173552,96473321022682227718808651474290370397519893743094745280125859011617285322855,https://www.wunderground.com/history/daily/us/ny/new-york-city/KLGA,KLGA,2026-05-02T04:20:09.362812Z,2026-05-04T12:00:00Z,1,1,False
0xc4050beb5c08fdaa877bf6816b309ea86781588412e8ff0b90f980274fceeef3,highest-temperature-in-nyc-on-may-4-2026,Highest temperature in NYC on May 4?,Will the highest temperature in New York City be between 72-73°F on May 4?,72-73°F,New York City,temperature,111228354011677939654784592490531887117991504989641417050002148029863482895739,115702647626798631607335461188189330487754310262968099089225374233599900088147,https://www.wunderground.com/history/daily/us/ny/new-york-city/KLGA,KLGA,2026-05-02T04:20:11.190907Z,2026-05-04T12:00:00Z,1,1,False
0x88a11b2b984c745f8acc5b35aa9ccbe2b0b215d0b2a219c648777df9c9cbac08,highest-temperature-in-nyc-on-may-4-2026,Highest temperature in NYC on May 4?,Will the highest temperature in New York City be between 74-75°F on May 4?,74-75°F,New York City,temperature,58684601266273118771394888395697347883018987411022207721259817482908264686656,19391373375713133937737801103570694185990603553207669958855573314302333095362,https://www.wunderground.com/history/daily/us/ny/new-york-city/KLGA,KLGA,2026-05-02T04:20:17.042997Z,2026-05-04T12:00:00Z,1,1,False
0xd42cce2e55c12715c8c0c675cb4dcb3f39890b55d0c0f092d73ed80868d3a26e,highest-temperature-in-nyc-on-may-4-2026,Highest temperature in NYC on May 4?,Will the highest temperature in New York City be between 76-77°F on May 4?,76-77°F,New York City,temperature,42203978175588096931609058304086824637465492776182917361669514504717360277487,31075702299875743024141887665636180978547365048219850948943828200124553203712,https://www.wunderground.com/history/daily/us/ny/new-york-city/KLGA,KLGA,2026-05-02T04:20:19.12638Z,2026-05-04T12:00:00Z,1,1,False
0xa4e31572b9c47ccb81fa89754b14ca005c3af5bb2f09f671292315c866c92a97,highest-temperature-in-nyc-on-may-4-2026,Highest temperature in NYC on May 4?,Will the highest temperature in New York City be between 78-79°F on May 4?,78-79°F,New York City,temperature,98937881065196669786375048161258842462726749230896404014683814325451492311327,54621699572565316256582465079001083734508894532908119176187188861367612069204,https://www.wunderground.com/history/daily/us/ny/new-york-city/KLGA,KLGA,2026-05-02T04:20:23.194247Z,2026-05-04T12:00:00Z,1,1,False
0x3abb1a136de39a7c4a2cd8a10d5c5337575000ba3076954c11a53aec9ffa0796,highest-temperature-in-nyc-on-may-4-2026,Highest temperature in NYC on May 4?,Will the highest temperature in New York City be 80°F or higher on May 4?,80°F or higher,New York City,temperature,103268202704561297488037938215621033901388448767565412707324657728174715297186,96736018629104685523958151278754838727560188286531090643543633489592316932929,https://www.wunderground.com/history/daily/us/ny/new-york-city/KLGA,KLGA,2026-05-02T04:20:25.21491Z,2026-05-04T12:00:00Z,1,1,False
0x7727cb12df45b3a1b68e09b104eb7a5da9b2622d90b9a98e5e43a5ca5bbb03e1,highest-temperature-in-nyc-on-may-5-2026,Highest temperature in NYC on May 5?,Will the highest temperature in New York City be 71°F or below on May 5?,71°F or below,New York City,temperature,65027997709616491606541982657144779684705822975498456919852242727196747822794,88224838313495295203331889184582613115154434501042537014738573746953286312292,https://www.wunderground.com/history/daily/us/ny/new-york-city/KLGA,KLGA,2026-05-03T04:20:38.08752Z,2026-05-05T12:00:00Z,1,1,False
0x2c4033a513d1fba9cf1236f4d0c253eb8ab7891a1ef308ac64d09a8275971736,highest-temperature-in-nyc-on-may-5-2026,Highest temperature in NYC on May 5?,Will the highest temperature in New York City be between 72-73°F on May 5?,72-73°F,New York City,temperature,108093599052156138884570056713984156308032681877723996828155232468332343076952,24372396121859759425356546365595213746149223058711499531597735567954339508224,https://www.wunderground.com/history/daily/us/ny/new-york-city/KLGA,KLGA,2026-05-03T04:20:38.346477Z,2026-05-05T12:00:00Z,1,1,False
0x0d7a2a9763350a5aa971438bd117da9efa9837fe9daace1a2b0f7e7cc238879b,highest-temperature-in-nyc-on-may-5-2026,Highest temperature in NYC on May 5?,Will the highest temperature in New York City be between 74-75°F on May 5?,74-75°F,New York City,temperature,41987745313255824655145693511203631809510054409154938601894194285873681634544,91663602094203135464352295661638452910994861705715520255973926129363224864457,https://www.wunderground.com/history/daily/us/ny/new-york-city/KLGA,KLGA,2026-05-03T04:22:28.295616Z,2026-05-05T12:00:00Z,1,1,False
0xff7b287b3dfa1fcfb0b6802e7c253666febc2c4c50963bcf45cc2cb11b85c54a,highest-temperature-in-nyc-on-may-5-2026,Highest temperature in NYC on May 5?,Will the highest temperature in New York City be between 76-77°F on May 5?,76-77°F,New York City,temperature,111644136595073516757374473550431564164586362510439067833419486931291626542910,86688647261885333772372849279799105683371713292756860905225802208846574012367,https://www.wunderground.com/history/daily/us/ny/new-york-city/KLGA,KLGA,2026-05-03T04:21:45.138112Z,2026-05-05T12:00:00Z,1,1,False
0x40187fc077a03c0c6ebdc52985d4c26537d56d119b86f213b6ed2575bf0da0f5,highest-temperature-in-nyc-on-may-5-2026,Highest temperature in NYC on May 5?,Will the highest temperature in New York City be between 78-79°F on May 5?,78-79°F,New York City,temperature,101827606308684754353171470029018543355868066233467329140495026459591065309029,65228911364354501316047730183512395857367416270660409945219703926967593970357,https://www.wunderground.com/history/daily/us/ny/new-york-city/KLGA,KLGA,2026-05-03T04:21:23.302295Z,2026-05-05T12:00:00Z,1,1,False
0xf0a5e015ff707677087eb328cf250fc12e9f6061ba7536f1764af7b265feef9b,highest-temperature-in-nyc-on-may-5-2026,Highest temperature in NYC on May 5?,Will the highest temperature in New York City be between 80-81°F on May 5?,80-81°F,New York City,temperature,752351364287525816887569889364793004163609085591606837258627433617140821850,17595899807216340794481432686908327688263554674011053949185744623858633560172,https://www.wunderground.com/history/daily/us/ny/new-york-city/KLGA,KLGA,2026-05-03T04:22:37.239558Z,2026-05-05T12:00:00Z,1,1,False
0x8bcd664ac52005e2f89280196bda351b03afe9046f0699be4be8e07b7f04b429,highest-temperature-in-nyc-on-may-5-2026,Highest temperature in NYC on May 5?,Will the highest temperature in New York City be between 82-83°F on May 5?,82-83°F,New York City,temperature,98574560884706499247785000793242311701760763922735176105357403435543229139973,62374027891400005529741729625988400080620057504767751890997537473103898766601,https://www.wunderground.com/history/daily/us/ny/new-york-city/KLGA,KLGA,2026-05-03T04:20:56.313065Z,2026-05-05T12:00:00Z,1,1,False
0xb3601bbb1d51f719b62a998d1c93edb9bb44ad8437377ec0d60374d3d0e3662a,highest-temperature-in-nyc-on-may-5-2026,Highest temperature in NYC on May 5?,Will the highest temperature in New York City be between 84-85°F on May 5?,84-85°F,New York City,temperature,59142330973038381992365730255757265477971081229706972894664474544462123464876,71285759611623857752460735718387248882777581969236827071535221929373994280916,https://www.wunderground.com/history/daily/us/ny/new-york-city/KLGA,KLGA,2026-05-03T04:21:09.191567Z,2026-05-05T12:00:00Z,1,1,False
0x1cfc47aee4c9533d29dac5cd35c9936e6496d71064c80ce09b42cb153f9727d3,highest-temperature-in-nyc-on-may-5-2026,Highest temperature in NYC on May 5?,Will the highest temperature in New York City be between 86-87°F on May 5?,86-87°F,New York City,temperature,52843151085469488608394780868624551331645403408866626662962316076983431570669,43985785958537686242602316161854799602155859947548665914756682913191716572139,https://www.wunderground.com/history/daily/us/ny/new-york-city/KLGA,KLGA,2026-05-03T04:24:26.127599Z,2026-05-05T12:00:00Z,1,1,False
0xaece3669ac096d2481783ab8929069a530974fd9ea15e9980273c3626cfc7115,highest-temperature-in-nyc-on-may-5-2026,Highest temperature in NYC on May 5?,Will the highest temperature in New York City be between 88-89°F on May 5?,88-89°F,New York City,temperature,44306035624153826948209753845755532906137170500178617660328628988499692126684,95670979408668457569296619909688806071652000776268482950834780015519502332560,https://www.wunderground.com/history/daily/us/ny/new-york-city/KLGA,KLGA,2026-05-03T04:20:58.075126Z,2026-05-05T12:00:00Z,1,1,False
0xd637a62715fad8cef950d92b1e91b9e74da660bca31bf7f1bc0f9de45011a631,highest-temperature-in-nyc-on-may-5-2026,Highest temperature in NYC on May 5?,Will the highest temperature in New York City be 90°F or higher on May 5?,90°F or higher,New York City,temperature,9467097110177739405225108915923301165772835767439559981846051229127616727454,95206592517112485573794214055799046391908635503822121156092007917065507321058,https://www.wunderground.com/history/daily/us/ny/new-york-city/KLGA,KLGA,2026-05-03T04:20:59.072655Z,2026-05-05T12:00:00Z,1,1,False
0x4725addefe2b33f2e74f5f289c0001c2b5355000a9ca1338f6fe196fdf7af031,highest-temperature-in-nyc-on-may-6-2026,Highest temperature in NYC on May 6?,Will the highest temperature in New York City be 55°F or below on May 6?,55°F or below,New York City,temperature,41649548917821741483510209515439840098366763553602713712573643806572730672146,36579969060080742053799714048608180906264537226079442373995092965729552136326,https://www.wunderground.com/history/daily/us/ny/new-york-city/KLGA,KLGA,2026-05-04T17:03:34.815998Z,2026-05-06T12:00:00Z,1,1,False
0x6a26d4176d7a57f94fa76de86701093488b5b20e0dcb8893ac533c6b9c8e5e97,highest-temperature-in-nyc-on-may-6-2026,Highest temperature in NYC on May 6?,Will the highest temperature in New York City be between 56-57°F on May 6?,56-57°F,New York City,temperature,76451286124183924901593754602866290697691409745784330505551962392523038525250,65864292517632224161542935134638455497411535400267318907244360531653497153189,https://www.wunderground.com/history/daily/us/ny/new-york-city/KLGA,KLGA,2026-05-04T17:03:38.961314Z,2026-05-06T12:00:00Z,1,1,False
0xb85cfca8dca41aaf9173f8a0b2e2da1c755de76e37fe8b743e4440569e16c677,highest-temperature-in-nyc-on-may-6-2026,Highest temperature in NYC on May 6?,Will the highest temperature in New York City be between 58-59°F on May 6?,58-59°F,New York City,temperature,91401898771336548531293930887447963380506168196131698810361564303306542113475,31886149998631243205790953424481004325225530773963976399416560074322542415908,https://www.wunderground.com/history/daily/us/ny/new-york-city/KLGA,KLGA,2026-05-04T17:03:38.70011Z,2026-05-06T12:00:00Z,1,1,False
0xed999882f9207b96bc7090e233d34fdd4ec55086803c74a3e70c8de042f38f8c,highest-temperature-in-nyc-on-may-6-2026,Highest temperature in NYC on May 6?,Will the highest temperature in New York City be between 60-61°F on May 6?,60-61°F,New York City,temperature,69865014111026735549132069632131638907446131773090513120211496321932401680098,20667373506489075606119058247366267060261561464496169764420274459324582286981,https://www.wunderground.com/history/daily/us/ny/new-york-city/KLGA,KLGA,2026-05-04T17:03:42.943912Z,2026-05-06T12:00:00Z,1,1,False
0xa10eb9c44f2da92662e4ec657ed9e5cb3d64de98cbe14f1c07b5e4080ed8f7a1,highest-temperature-in-nyc-on-may-6-2026,Highest temperature in NYC on May 6?,Will the highest temperature in New York City be between 62-63°F on May 6?,62-63°F,New York City,temperature,97461906571268751438351691497527050035461424210774565061141871389517810841924,40777959440580661784613138498829774828663592393738049530186623256565889526045,https://www.wunderground.com/history/daily/us/ny/new-york-city/KLGA,KLGA,2026-05-04T17:03:55.290427Z,2026-05-06T12:00:00Z,1,1,False
0x4f58fe5c8a4e859251529a8f61c904b4cb72ae5d9193b976b5ec95a49513f94b,highest-temperature-in-nyc-on-may-6-2026,Highest temperature in NYC on May 6?,Will the highest temperature in New York City be between 64-65°F on May 6?,64-65°F,New York City,temperature,35207768704948967282320348297715000579920006260683361965841928069399901447868,61633146078948277417570288333612354526428255885228838831109161193412346670700,https://www.wunderground.com/history/daily/us/ny/new-york-city/KLGA,KLGA,2026-05-04T17:03:55.036505Z,2026-05-06T12:00:00Z,1,1,False
0x5343bcc64e36280feeb2be3c8ce2d84ffd6f5ebdef52f3a99a64d427a5d8bb2d,highest-temperature-in-nyc-on-may-6-2026,Highest temperature in NYC on May 6?,Will the highest temperature in New York City be between 66-67°F on May 6?,66-67°F,New York City,temperature,47854125442507929414258487697093042505546465815645215983878204741363628874629,47709656747568427518539007776322884776210890188457702307394508007843657881829,https://www.wunderground.com/history/daily/us/ny/new-york-city/KLGA,KLGA,2026-05-04T17:03:57.104796Z,2026-05-06T12:00:00Z,1,1,False
0x7b1d043fbc9cac8f011b658e06e1b78f846e3f421a4b60cf8e31b3a93298daaf,highest-temperature-in-nyc-on-may-6-2026,Highest temperature in NYC on May 6?,Will the highest temperature in New York City be between 68-69°F on May 6?,68-69°F,New York City,temperature,60476508764703931867579709065790524095616522742832164107130350073916412536947,66788085134069436482907224469104392090775749028942527954248360312700097280840,https://www.wunderground.com/history/daily/us/ny/new-york-city/KLGA,KLGA,2026-05-04T17:03:59.117898Z,2026-05-06T12:00:00Z,1,1,False
0x0fd68596cf0327c907dc03eb6d650c4a4541dc82e602bf73ebb400ad9a951c93,highest-temperature-in-nyc-on-may-6-2026,Highest temperature in NYC on May 6?,Will the highest temperature in New York City be between 70-71°F on May 6?,70-71°F,New York City,temperature,86941141686416293001919619244379648229904914404842539611860846820323379457212,101575475272448911700099360392922448024326727344489183638946233409870482224899,https://www.wunderground.com/history/daily/us/ny/new-york-city/KLGA,KLGA,2026-05-04T17:03:59.371645Z,2026-05-06T12:00:00Z,1,1,False
0xb733c5f5470f408a8b95d7b2afa1de70406d1dca4001b3401487d621dadb5cfd,highest-temperature-in-nyc-on-may-6-2026,Highest temperature in NYC on May 6?,Will the highest temperature in New York City be between 72-73°F on May 6?,72-73°F,New York City,temperature,87235435061878513870412945961506073507961919361706675142775024247984859618042,94927027418352172001551231910256753918990499500558924926288447414245159982020,https://www.wunderground.com/history/daily/us/ny/new-york-city/KLGA,KLGA,2026-05-04T17:04:19.516729Z,2026-05-06T12:00:00Z,1,1,False
0xd40c8a0298c03514412fc83cb817e330eb22b35e61fcc272dfd998b2db904513,highest-temperature-in-nyc-on-may-6-2026,Highest temperature in NYC on May 6?,Will the highest temperature in New York City be 74°F or higher on May 6?,74°F or higher,New York City,temperature,39006640560169739501365181914759662264272600413478825395469630159088198102379,33431883861898299926083089451131795328709073688705202548656574063500550920711,https://www.wunderground.com/history/daily/us/ny/new-york-city/KLGA,KLGA,2026-05-04T17:04:41.606763Z,2026-05-06T12:00:00Z,1,1,False
0x01be254d13be00481e98e5b7bb2ab00bbf0c1022ff7aaf6d8224aca93c00d727,highest-temperature-in-nyc-on-may-7-2026,Highest temperature in NYC on May 7?,Will the highest temperature in New York City be 55°F or below on May 7?,55°F or below,New York City,temperature,82685150179097079470518080517981556697891134119222220951964839115038050244666,48350917304571447339890766042454262310855173642690224180416238699977137174729,https://www.wunderground.com/history/daily/us/ny/new-york-city/KLGA,KLGA,2026-05-05T04:17:01.887166Z,2026-05-07T12:00:00Z,1,1,False
0x3cb6b1205162689a5f8edc84dd2e2548c294952ab4d6efcf99349cf18b0f868f,highest-temperature-in-nyc-on-may-7-2026,Highest temperature in NYC on May 7?,Will the highest temperature in New York City be between 56-57°F on May 7?,56-57°F,New York City,temperature,92894192237559514082761965110697861583111367514719193236372571408581927473756,20788816703946567360440353502002204700472520818269221024878796981002000819687,https://www.wunderground.com/history/daily/us/ny/new-york-city/KLGA,KLGA,2026-05-05T04:17:03.928518Z,2026-05-07T12:00:00Z,1,1,False
0xdbe3f48d2aa1749c16016bf35a0c1f99ac5ee736c8876d9d29ee53c274d8506c,highest-temperature-in-nyc-on-may-7-2026,Highest temperature in NYC on May 7?,Will the highest temperature in New York City be between 58-59°F on May 7?,58-59°F,New York City,temperature,102537064394525808417544062643262538121061759074184406199300630740515944494374,24608216819399920778999953715417801615929235311657353888832932242308856724874,https://www.wunderground.com/history/daily/us/ny/new-york-city/KLGA,KLGA,2026-05-05T04:17:05.230191Z,2026-05-07T12:00:00Z,1,1,False
0x94ff76ffe5d9be0de7ae5d39861f5cc516adf99be28498d6b18e2b7141aaa3af,highest-temperature-in-nyc-on-may-7-2026,Highest temperature in NYC on May 7?,Will the highest temperature in New York City be between 60-61°F on May 7?,60-61°F,New York City,temperature,14678213985820454580185981051836903246755802073685965485453125091152383539071,58619628839929513693451218111566956966476573521072944901803805229416971685139,https://www.wunderground.com/history/daily/us/ny/new-york-city/KLGA,KLGA,2026-05-05T04:17:07.089513Z,2026-05-07T12:00:00Z,1,1,False
0x79f3f8a1d1b9acf38b99296a9705ecdbe8f2d87defdc3144b48078ade78891ee,highest-temperature-in-nyc-on-may-7-2026,Highest temperature in NYC on May 7?,Will the highest temperature in New York City be between 62-63°F on May 7?,62-63°F,New York City,temperature,96420453395394755254637720856448322549663204160482722428860055962851234257401,69210631506721873297616318354819382998254850671189361869738681693802160579505,https://www.wunderground.com/history/daily/us/ny/new-york-city/KLGA,KLGA,2026-05-05T04:17:16.140372Z,2026-05-07T12:00:00Z,1,1,False
0xde0cc8672f3b3a1c2b23cf36d1047d3ab705cea251ed6bbd77f6eb919170b3ba,highest-temperature-in-nyc-on-may-7-2026,Highest temperature in NYC on May 7?,Will the highest temperature in New York City be between 64-65°F on May 7?,64-65°F,New York City,temperature,35762063342246636908739943371080750383959679757131914478237545529085927092702,67311452143934357621945755469812258476153557851873657384320060616022463402036,https://www.wunderground.com/history/daily/us/ny/new-york-city/KLGA,KLGA,2026-05-05T04:17:20.056004Z,2026-05-07T12:00:00Z,1,1,False
0x89de23488fd7b24565c2120b7478062e06e1db9b517b8ff8e9233b19af5a1141,highest-temperature-in-nyc-on-may-7-2026,Highest temperature in NYC on May 7?,Will the highest temperature in New York City be between 66-67°F on May 7?,66-67°F,New York City,temperature,91228353114791984729691766058129088884909005716921479618999343472318465640381,101259020994758559134621497012529850960783860953022711159796980214557968752087,https://www.wunderground.com/history/daily/us/ny/new-york-city/KLGA,KLGA,2026-05-05T04:17:22.049451Z,2026-05-07T12:00:00Z,1,1,False
0xe0eb3be6d5f68090a787bff389809f80a7d74e6ee87c77881166d3d26b1cf457,highest-temperature-in-nyc-on-may-7-2026,Highest temperature in NYC on May 7?,Will the highest temperature in New York City be between 68-69°F on May 7?,68-69°F,New York City,temperature,91480089006239442144545571305883157656384621085794665642968080189382172169513,15955782095981314613040684672967084838741061431130563503948268495082427367641,https://www.wunderground.com/history/daily/us/ny/new-york-city/KLGA,KLGA,2026-05-05T04:17:27.381992Z,2026-05-07T12:00:00Z,1,1,False
0x73fea4a4ef3d9769c969aa2422043cacef067026ea0a23306f28af1fd57df2c7,highest-temperature-in-nyc-on-may-7-2026,Highest temperature in NYC on May 7?,Will the highest temperature in New York City be between 70-71°F on May 7?,70-71°F,New York City,temperature,81031615476304034477070238365755092783993667361111553911025155284338464438928,113422021848718638634226069297638579862584352007400333549670031359586729595807,https://www.wunderground.com/history/daily/us/ny/new-york-city/KLGA,KLGA,2026-05-05T04:17:35.251218Z,2026-05-07T12:00:00Z,1,1,False
0x7c1195a22527b996a13bb2078cc5f597ab3aea3ebf4c2051dc81426fee4652c9,highest-temperature-in-nyc-on-may-7-2026,Highest temperature in NYC on May 7?,Will the highest temperature in New York City be between 72-73°F on May 7?,72-73°F,New York City,temperature,21669992101747897454957860801170253793043066203657836483291601000264653661560,34462369037637896256277208466003070573035644567820771493520161800775448010313,https://www.wunderground.com/history/daily/us/ny/new-york-city/KLGA,KLGA,2026-05-05T04:17:37.363593Z,2026-05-07T12:00:00Z,1,1,False
0xcf103099171c0e70b1d1db246165694fdb2eef772374db8cba9ae4579cfa19cf,highest-temperature-in-nyc-on-may-7-2026,Highest temperature in NYC on May 7?,Will the highest temperature in New York City be 74°F or higher on May 7?,74°F or higher,New York City,temperature,27418174834387734559150519614193036623165292243551992291140629913283824876420,96332317985857852921832453544069212975388539832195518747500290331650203425625,https://www.wunderground.com/history/daily/us/ny/new-york-city/KLGA,KLGA,2026-05-05T04:17:41.379224Z,2026-05-07T12:00:00Z,1,1,False
0x70e3d2fa331c10e2fc20387476fbcc1c835bddcce26506062e8d26af4afe78cc,highest-temperature-in-nyc-on-may-8-2026,Highest temperature in NYC on May 8?,Will the highest temperature in New York City be 55°F or below on May 8?,55°F or below,New York City,temperature,74427204511653312927905452692588166512709226344901264996252470781404001450133,98567237090664500868846609769881974539698823162197646568536301792495603151837,https://www.wunderground.com/history/daily/us/ny/new-york-city/KLGA,KLGA,2026-05-06T04:25:53.288741Z,2026-05-08T12:00:00Z,1,1,False
0xa75ac61a116f31453d8c1fc367a0d5a2e94c0c1e562195341bb23142d3ebe87d,highest-temperature-in-nyc-on-may-8-2026,Highest temperature in NYC on May 8?,Will the highest temperature in New York City be between 56-57°F on May 8?,56-57°F,New York City,temperature,15253324183737529979805011361114861487885118969677745164216171914172499586421,29347183404517811054643311266554686407137209540361623725484125420462271605796,https://www.wunderground.com/history/daily/us/ny/new-york-city/KLGA,KLGA,2026-05-06T04:25:55.540364Z,2026-05-08T12:00:00Z,1,1,False
0xc7ff6040f7e33a27932675db71eafe9209b68025b35a07016680852e47b908dc,highest-temperature-in-nyc-on-may-8-2026,Highest temperature in NYC on May 8?,Will the highest temperature in New York City be between 58-59°F on May 8?,58-59°F,New York City,temperature,65722165257958502920242854394909072240229179671978198783793004390010089325003,17718301391651553143933285599822937434433007992670328351001024744181145600514,https://www.wunderground.com/history/daily/us/ny/new-york-city/KLGA,KLGA,2026-05-06T04:25:57.503142Z,2026-05-08T12:00:00Z,1,1,False
0xb6269aa9316f8697c45289f5c722cf97196a606d67aaee6dec3dedd877a7cbee,highest-temperature-in-nyc-on-may-8-2026,Highest temperature in NYC on May 8?,Will the highest temperature in New York City be between 60-61°F on May 8?,60-61°F,New York City,temperature,22517032133797081798990552696569551678404364900640655157566166625435279441782,14682838027482200482061774972952818093060778554393605280623257217471844701811,https://www.wunderground.com/history/daily/us/ny/new-york-city/KLGA,KLGA,2026-05-06T04:26:01.623549Z,2026-05-08T12:00:00Z,1,1,False
0x0523b760e695ecc95b9e1f7c56da5b6f7f310023ff907286cadda7b4e05bddd2,highest-temperature-in-nyc-on-may-8-2026,Highest temperature in NYC on May 8?,Will the highest temperature in New York City be between 62-63°F on May 8?,62-63°F,New York City,temperature,25220533682326197925818895133847095781315094910250862749637018890371494489874,61590865726987102029395845525607126175282074352886580064130297495441650352674,https://www.wunderground.com/history/daily/us/ny/new-york-city/KLGA,KLGA,2026-05-06T04:26:11.925288Z,2026-05-08T12:00:00Z,1,1,False
0xdf4514fb9148dde33c65e8490ae6690192d7913742dd8f6ae494d6dbe955e4d7,highest-temperature-in-nyc-on-may-8-2026,Highest temperature in NYC on May 8?,Will the highest temperature in New York City be between 64-65°F on May 8?,64-65°F,New York City,temperature,85163239670585120450799400949097413833387626793499996671260989054888555368234,9129175207443106444684545213459012322314368172408805611393775029137185954763,https://www.wunderground.com/history/daily/us/ny/new-york-city/KLGA,KLGA,2026-05-06T04:26:13.964486Z,2026-05-08T12:00:00Z,1,1,False
0x37d180208f5c962ca2a464cb0475c843b07d9c59f04905e789d28d66fbdff1f5,highest-temperature-in-nyc-on-may-8-2026,Highest temperature in NYC on May 8?,Will the highest temperature in New York City be between 66-67°F on May 8?,66-67°F,New York City,temperature,105395839621041700431779970889289773777129144196017065731512216376179131651551,63705239514443950766219413193829256369511676903327908541755785833815163723196,https://www.wunderground.com/history/daily/us/ny/new-york-city/KLGA,KLGA,2026-05-06T04:26:16.082229Z,2026-05-08T12:00:00Z,1,1,False
0x3d4c0745f77674363717f84ecb6e8fd23889d80d6cf6165bee8a17a0a8dfe8ae,highest-temperature-in-nyc-on-may-8-2026,Highest temperature in NYC on May 8?,Will the highest temperature in New York City be between 68-69°F on May 8?,68-69°F,New York City,temperature,10286726814727724247255132738542964921172545787487651427106514031207160814728,97948899223083409102864780480099503748823020352665692634511368265356616038756,https://www.wunderground.com/history/daily/us/ny/new-york-city/KLGA,KLGA,2026-05-06T04:26:20.147384Z,2026-05-08T12:00:00Z,1,1,False
0xaa5bad54ac172918803333e65d29e88f03debc9cac0a10c9da087119b938a77a,highest-temperature-in-nyc-on-may-8-2026,Highest temperature in NYC on May 8?,Will the highest temperature in New York City be between 70-71°F on May 8?,70-71°F,New York City,temperature,36486599395290088064516871762250877348703573849746734818203693371733423147069,2783792025863171950581576942687949502704660137554012552262615395688879572272,https://www.wunderground.com/history/daily/us/ny/new-york-city/KLGA,KLGA,2026-05-06T04:26:23.257087Z,2026-05-08T12:00:00Z,1,1,False
0xa96c47f26f864d7896d992a4b825fe651f7cd38becf6e876a0233c453a1acb05,highest-temperature-in-nyc-on-may-8-2026,Highest temperature in NYC on May 8?,Will the highest temperature in New York City be between 72-73°F on May 8?,72-73°F,New York City,temperature,86577849842041158449177594748003925520581910150088089827546320641204209255739,83266017635115410211640218042313733459254783254480764749143887451827711370043,https://www.wunderground.com/history/daily/us/ny/new-york-city/KLGA,KLGA,2026-05-06T04:26:31.410107Z,2026-05-08T12:00:00Z,1,1,False
0x282f4586c1182726f6f51385521b1aea9f19dfcf514236778cab733c66fe8c1c,highest-temperature-in-nyc-on-may-8-2026,Highest temperature in NYC on May 8?,Will the highest temperature in New York City be 74°F or higher on May 8?,74°F or higher,New York City,temperature,36708756362248625078528257745826009491840477951831405724645072902394765801429,38193687789671851018875260646599083522926109414732225688639414309757158970647,https://www.wunderground.com/history/daily/us/ny/new-york-city/KLGA,KLGA,2026-05-06T04:26:34.398823Z,2026-05-08T12:00:00Z,1,1,False
0x64cd0dd5972b2308a087124567e7f45547a6a099cee3b9c88d0b3390d3afeae1,highest-temperature-in-nyc-on-may-9-2026,Highest temperature in NYC on May 9?,Will the highest temperature in New York City be 51°F or below on May 9?,51°F or below,New York City,temperature,93059141075169661970855848950060666628959314587289999675919115715008521516082,85520072733783527349456959755292734939182014658430308316353769613356665554851,https://www.wunderground.com/history/daily/us/ny/new-york-city/KLGA,KLGA,2026-05-07T04:49:15.349746Z,2026-05-09T12:00:00Z,1,1,False
0x5644ad8ded59b649f49a8e7b920bcb71daa80f884f7f433ac6dd1e892b60e5d6,highest-temperature-in-nyc-on-may-9-2026,Highest temperature in NYC on May 9?,Will the highest temperature in New York City be between 52-53°F on May 9?,52-53°F,New York City,temperature,97440794987229776646174486831953543323603938939953681473578437683210125907443,77787809094215870287605755916730476394172170825884637018610381814397948959524,https://www.wunderground.com/history/daily/us/ny/new-york-city/KLGA,KLGA,2026-05-07T04:49:17.326351Z,2026-05-09T12:00:00Z,1,1,False
0x6d2c9bd7f15cd8ab2c637ecf2500c0a14df99fc8a9c7e1944c1a1ad8c041ce96,highest-temperature-in-nyc-on-may-9-2026,Highest temperature in NYC on May 9?,Will the highest temperature in New York City be between 54-55°F on May 9?,54-55°F,New York City,temperature,36360837191685814467869009620173205721865439199138843754733946684378726849978,37706570750992679897096254553991631960539183518095400032736066303371031472814,https://www.wunderground.com/history/daily/us/ny/new-york-city/KLGA,KLGA,2026-05-07T04:49:50.578368Z,2026-05-09T12:00:00Z,1,1,False
0x376ab678b4c426421d9d72eaab5d9e50907cffa5ac3b2847bd4f9013749f7244,highest-temperature-in-nyc-on-may-9-2026,Highest temperature in NYC on May 9?,Will the highest temperature in New York City be between 56-57°F on May 9?,56-57°F,New York City,temperature,61831084153002568713785674437045033522169624666836761972764375077791910234363,98728742693596842975912727894154058037571060411356394548843267518674226264594,https://www.wunderground.com/history/daily/us/ny/new-york-city/KLGA,KLGA,2026-05-07T04:49:24.431871Z,2026-05-09T12:00:00Z,1,1,False
0x5ba37b7b50409e2a9a78cf0569e45fc2e1ae275e9b7d45b849237b409326c01d,highest-temperature-in-nyc-on-may-9-2026,Highest temperature in NYC on May 9?,Will the highest temperature in New York City be between 58-59°F on May 9?,58-59°F,New York City,temperature,53297259083322582304092565634064399145938956102603585649170951061658205931503,93254708389356625190161583238049297762611504079765021995254924142624552271050,https://www.wunderground.com/history/daily/us/ny/new-york-city/KLGA,KLGA,2026-05-07T04:49:55.463768Z,2026-05-09T12:00:00Z,1,1,False
0xacd0b40afa4e08872450904a477bb9f4108c59c8ebdeab1e9e447652981436ab,highest-temperature-in-nyc-on-may-9-2026,Highest temperature in NYC on May 9?,Will the highest temperature in New York City be between 60-61°F on May 9?,60-61°F,New York City,temperature,16124886050225199801172812827614552974838021437358781595551186580498968934748,114926194627629396078147185374111639403816512943847927494695073815852108892628,https://www.wunderground.com/history/daily/us/ny/new-york-city/KLGA,KLGA,2026-05-07T04:49:26.258221Z,2026-05-09T12:00:00Z,1,1,False
0x489e84f2887dc93cc7e28a0725037482660662d58307a977ec1bee81cf6300f5,highest-temperature-in-nyc-on-may-9-2026,Highest temperature in NYC on May 9?,Will the highest temperature in New York City be between 62-63°F on May 9?,62-63°F,New York City,temperature,87426072815689475211354255864614080531878555715659241392901660405013135136033,58047933970028006006270158374005107844327400192187571890430217186691772244573,https://www.wunderground.com/history/daily/us/ny/new-york-city/KLGA,KLGA,2026-05-07T04:49:58.809458Z,2026-05-09T12:00:00Z,1,1,False
0x492a771f1542e149af8b4380b9853c5a0d21205137f7f6f3ff74a9d27e5d081d,highest-temperature-in-nyc-on-may-9-2026,Highest temperature in NYC on May 9?,Will the highest temperature in New York City be between 64-65°F on May 9?,64-65°F,New York City,temperature,13677968663256883208898047992015565370656330366018703891887018643370814301377,4439613621278166642626615778414199414411366338703263316501512197294072679312,https://www.wunderground.com/history/daily/us/ny/new-york-city/KLGA,KLGA,2026-05-07T04:50:01.68936Z,2026-05-09T12:00:00Z,1,1,False
0x89edf2a6ddfaf5df6b7406558975c7892668a41549114882d7b809424936a790,highest-temperature-in-nyc-on-may-9-2026,Highest temperature in NYC on May 9?,Will the highest temperature in New York City be between 66-67°F on May 9?,66-67°F,New York City,temperature,65580333973863129226880555446684069546246534288215582194847214279867461054912,37591034676476145595552297420066624891394647676370362182649463949640732290468,https://www.wunderground.com/history/daily/us/ny/new-york-city/KLGA,KLGA,2026-05-07T04:49:43.392489Z,2026-05-09T12:00:00Z,1,1,False
0xf80458c15b1cec0642db5b4163268cc8db1f61a46d2c3c1903b46893cb9a4ee4,highest-temperature-in-nyc-on-may-9-2026,Highest temperature in NYC on May 9?,Will the highest temperature in New York City be between 68-69°F on May 9?,68-69°F,New York City,temperature,26187354536077426374676910061756738520637523195782099030560073953293304922305,77245417136304833924792856260089724883763098194911720276698676131389799337672,https://www.wunderground.com/history/daily/us/ny/new-york-city/KLGA,KLGA,2026-05-07T04:49:33.372092Z,2026-05-09T12:00:00Z,1,1,False
0xbb11d0c8508c8f4b2c8a986779994d97a548b25d5e89c3942488b6df55e7ae9e,highest-temperature-in-nyc-on-may-9-2026,Highest temperature in NYC on May 9?,Will the highest temperature in New York City be 70°F or higher on May 9?,70°F or higher,New York City,temperature,33071085012812214692901616754850578522760257822879854119933472595324987466184,10207454832248844510209614490149422147417766425244406710920332829849707867304,https://www.wunderground.com/history/daily/us/ny/new-york-city/KLGA,KLGA,2026-05-07T04:49:36.395598Z,2026-05-09T12:00:00Z,1,1,False
0x7d3c0f2583fbc19b44e179af4bd6c401306a7e79fea2744c05b63fdaf3ef760e,highest-temperature-in-nyc-on-may-10-2026,Highest temperature in NYC on May 10?,Will the highest temperature in New York City be 63°F or below on May 10?,63°F or below,New York City,temperature,30697080456525981216861725599697565886226528316366426763364692386525631291361,104044007093209365420117255075224588526760253026826249748811162256292286931043,https://www.wunderground.com/history/daily/us/ny/new-york-city/KLGA,KLGA,2026-05-08T04:09:32.771307Z,2026-05-10T12:00:00Z,1,1,False
0x5ca5baa236f376e07685c7aa3366e5112ea3ed2f22e88b214f11d88e13c53cd8,highest-temperature-in-nyc-on-may-10-2026,Highest temperature in NYC on May 10?,Will the highest temperature in New York City be between 64-65°F on May 10?,64-65°F,New York City,temperature,13405321686602658865171568541014892087480220327668770658100876738172384654196,45514497942895315893258992943912536410924493258821101650804827562298853252323,https://www.wunderground.com/history/daily/us/ny/new-york-city/KLGA,KLGA,2026-05-08T04:09:41.616871Z,2026-05-10T12:00:00Z,1,1,False
0xa3945132b73cf3cb2ba3dfb7b6c264b5658ccae511e9a9200570a9533b333bad,highest-temperature-in-nyc-on-may-10-2026,Highest temperature in NYC on May 10?,Will the highest temperature in New York City be between 66-67°F on May 10?,66-67°F,New York City,temperature,60339525975489624607311017917446021502792105709153967394605850877802415515292,80652464299747229300844678031812803063292560324975624118593672680344089176974,https://www.wunderground.com/history/daily/us/ny/new-york-city/KLGA,KLGA,2026-05-08T04:09:42.662559Z,2026-05-10T12:00:00Z,1,1,False
0x642fed6cf40be293e6415bf57cb2f8af0a686597c81c9a86d9dc03bde729e1e1,highest-temperature-in-nyc-on-may-10-2026,Highest temperature in NYC on May 10?,Will the highest temperature in New York City be between 68-69°F on May 10?,68-69°F,New York City,temperature,73771268047051200824760386198689216056597262949413420589663890618717788933148,54594253989767679986536882673132770524515363027936961763755003242084847279487,https://www.wunderground.com/history/daily/us/ny/new-york-city/KLGA,KLGA,2026-05-08T04:09:44.632218Z,2026-05-10T12:00:00Z,1,1,False
0x61985c15b0e91452c008f554d0db91a3cddd540f104d92b9f71549a07b5570e7,highest-temperature-in-nyc-on-may-10-2026,Highest temperature in NYC on May 10?,Will the highest temperature in New York City be between 70-71°F on May 10?,70-71°F,New York City,temperature,36396338769854195857226030848358533842316435791959575434881049039202593624201,110275555070779221273120492251561044160161585095510312639006158508179996613735,https://www.wunderground.com/history/daily/us/ny/new-york-city/KLGA,KLGA,2026-05-08T04:09:46.633782Z,2026-05-10T12:00:00Z,1,1,False
0x2344e280ed911af96c5ac1dc73b3bed74194c6a2ba69a711682b052ba84883ce,highest-temperature-in-nyc-on-may-10-2026,Highest temperature in NYC on May 10?,Will the highest temperature in New York City be between 72-73°F on May 10?,72-73°F,New York City,temperature,75966627907462671315953505375098658923686654073190733482970240881256586404774,73899889096535597045278716389782936448415939496648509449328615045263000285298,https://www.wunderground.com/history/daily/us/ny/new-york-city/KLGA,KLGA,2026-05-08T04:09:51.812877Z,2026-05-10T12:00:00Z,1,1,False
0x7d850d2470bd53e47f9b281f4b5cb95d3410c143279c0e19b2d5656f5128df51,highest-temperature-in-nyc-on-may-10-2026,Highest temperature in NYC on May 10?,Will the highest temperature in New York City be between 74-75°F on May 10?,74-75°F,New York City,temperature,19915706715274072642069105791904052108390251788342482954221829200922569595456,66015418795544875830914043798462424496556807380594422353110895344816547834425,https://www.wunderground.com/history/daily/us/ny/new-york-city/KLGA,KLGA,2026-05-08T04:10:05.535401Z,2026-05-10T12:00:00Z,1,1,False
0x4b4754b2bbc35389602e92070567293987a00c552b009c7183eef4d8eb754317,highest-temperature-in-nyc-on-may-10-2026,Highest temperature in NYC on May 10?,Will the highest temperature in New York City be between 76-77°F on May 10?,76-77°F,New York City,temperature,46972787377592318502815840344228958210677978510927846170976624108781352122868,93287208725083768042547930639442602764019638876778925835835301121666338797111,https://www.wunderground.com/history/daily/us/ny/new-york-city/KLGA,KLGA,2026-05-08T04:10:07.325269Z,2026-05-10T12:00:00Z,1,1,False
0xc5e96e364c2a3bb50437e1c4ed92e7720a78111f310647262271dfa8779099f6,highest-temperature-in-nyc-on-may-10-2026,Highest temperature in NYC on May 10?,Will the highest temperature in New York City be between 78-79°F on May 10?,78-79°F,New York City,temperature,3090772260402579379078507783869924062422416662526322709827954181851087984323,81365593397545525751095359670877224855839946271978911360815047587459717364321,https://www.wunderground.com/history/daily/us/ny/new-york-city/KLGA,KLGA,2026-05-08T04:10:09.567159Z,2026-05-10T12:00:00Z,1,1,False
0xed7a1189b9cd790ef62afd39826c05d3cd3d31cc9ab5abfb3ca7744d2489b211,highest-temperature-in-nyc-on-may-10-2026,Highest temperature in NYC on May 10?,Will the highest temperature in New York City be between 80-81°F on May 10?,80-81°F,New York City,temperature,30762025858416644963297388920799795340296409073412786728480595684966064378838,81275180656260457437127863853035889416979485686110351722220589144750540427479,https://www.wunderground.com/history/daily/us/ny/new-york-city/KLGA,KLGA,2026-05-08T04:10:12.373609Z,2026-05-10T12:00:00Z,1,1,False
0x4f9afc398bae3d4664b1aab22b68338c0f43fb391c8d9ebffe54557bb1eacebb,highest-temperature-in-nyc-on-may-10-2026,Highest temperature in NYC on May 10?,Will the highest temperature in New York City be 82°F or higher on May 10?,82°F or higher,New York City,temperature,62595401854300201248107858138830637155350602523434137002647031644136833959298,82867707815078525812767919860457684107277448681914766006257703603953888475311,https://www.wunderground.com/history/daily/us/ny/new-york-city/KLGA,KLGA,2026-05-08T04:10:25.5396Z,2026-05-10T12:00:00Z,1,1,False
0x3ba1d2ab88bcd6209fed6bdc9d892cc68e3fbdf7634074f7c3f2e35dbb894282,highest-temperature-in-nyc-on-may-11-2026,Highest temperature in NYC on May 11?,Will the highest temperature in New York City be 53°F or below on May 11?,53°F or below,New York City,temperature,15331272307740670267216407386166103057186797566755483049915579199888529740921,76002060584204487583928674492235172271073369243026594938786230104298426146657,https://www.wunderground.com/history/daily/us/ny/new-york-city/KLGA,KLGA,2026-05-09T13:02:47.52707Z,2026-05-11T12:00:00Z,1,1,False
0x87649db1f764c428f95ea2ef295005addf6af8d2a5773886eebf2975a417d3ba,highest-temperature-in-nyc-on-may-11-2026,Highest temperature in NYC on May 11?,Will the highest temperature in New York City be between 54-55°F on May 11?,54-55°F,New York City,temperature,31629375987702307627575926739888614144370146574956465601223144682956875710847,33984093999991252979681601631022838410562154618827851456249189175745759009591,https://www.wunderground.com/history/daily/us/ny/new-york-city/KLGA,KLGA,2026-05-09T13:02:49.626668Z,2026-05-11T12:00:00Z,1,1,False
0x46236f057b5e8df6cc67a569fed7232a112a67b3d498fc6db7c8b9fd99ebcc5b,highest-temperature-in-nyc-on-may-11-2026,Highest temperature in NYC on May 11?,Will the highest temperature in New York City be between 56-57°F on May 11?,56-57°F,New York City,temperature,5879903230905138881177029852800134736264568524010814808785442778012754434768,43585916961022563151893147294354562049265694436242529009755383194686261789176,https://www.wunderground.com/history/daily/us/ny/new-york-city/KLGA,KLGA,2026-05-09T13:02:53.696865Z,2026-05-11T12:00:00Z,1,1,False
0x559e09ff72bd4c701e42c5b73b6baa5704a87f94eb3827a3da9635874f00c89e,highest-temperature-in-nyc-on-may-11-2026,Highest temperature in NYC on May 11?,Will the highest temperature in New York City be between 58-59°F on May 11?,58-59°F,New York City,temperature,76861258961435623966414915153490122939734176545252541462875561498640007231371,36988354023011615109145869373908525549103771805606934735246682950197741758521,https://www.wunderground.com/history/daily/us/ny/new-york-city/KLGA,KLGA,2026-05-09T13:01:48.574571Z,2026-05-11T12:00:00Z,1,1,False
0xa987f414c0d1aa0f5ab51d79d33c07f4151cbf8b3ae3d14173e30d74c1f52d3a,highest-temperature-in-nyc-on-may-11-2026,Highest temperature in NYC on May 11?,Will the highest temperature in New York City be between 60-61°F on May 11?,60-61°F,New York City,temperature,38570553320114259307184913484106498641325843916445519949038572121793338203616,102483204275759877993986464506339761163655194099541546505882059937840278038545,https://www.wunderground.com/history/daily/us/ny/new-york-city/KLGA,KLGA,2026-05-09T13:01:53.681791Z,2026-05-11T12:00:00Z,1,1,False
0xd2115113f52b4c5ac903c6d33ef223912d825be376fd597394f3ac74af9f5517,highest-temperature-in-nyc-on-may-11-2026,Highest temperature in NYC on May 11?,Will the highest temperature in New York City be between 62-63°F on May 11?,62-63°F,New York City,temperature,68065977384185994110526241453624724551065774552688300546136247566652580759333,115417433226013405397740368659234304638354007506816361762428645433049096746947,https://www.wunderground.com/history/daily/us/ny/new-york-city/KLGA,KLGA,2026-05-09T13:01:58.733862Z,2026-05-11T12:00:00Z,1,1,False
0x60d469da79416da55e3fafb11074bbdbe23822cd065a4043d126ed023ecb8cc1,highest-temperature-in-nyc-on-may-11-2026,Highest temperature in NYC on May 11?,Will the highest temperature in New York City be between 64-65°F on May 11?,64-65°F,New York City,temperature,12866799940662656056152356026987469758859898784235281757099313888450156450763,62326282369250872025598455252017801569387199085867331000437449208041379779051,https://www.wunderground.com/history/daily/us/ny/new-york-city/KLGA,KLGA,2026-05-09T13:02:02.562513Z,2026-05-11T12:00:00Z,1,1,False
0xfc53d9bd1f0b7f9fe3d00fd7aa75f68363500d730f22409904cab9acf06aec6b,highest-temperature-in-nyc-on-may-11-2026,Highest temperature in NYC on May 11?,Will the highest temperature in New York City be between 66-67°F on May 11?,66-67°F,New York City,temperature,36051381891314934305295802404289149888029968022353753023407256241092757756560,20100563172475666026697706746294493623014909657449965755901868416067421566598,https://www.wunderground.com/history/daily/us/ny/new-york-city/KLGA,KLGA,2026-05-09T13:02:06.610383Z,2026-05-11T12:00:00Z,1,1,False
0x60aef82a3c6f86cd6bb0ea290bdce1f6f6bd570cbb3bf4ba85773f869435d87c,highest-temperature-in-nyc-on-may-11-2026,Highest temperature in NYC on May 11?,Will the highest temperature in New York City be between 68-69°F on May 11?,68-69°F,New York City,temperature,32030242771486984616988772479776722972078847575361871587589316001944387315085,69458568914445767002563071913263900484398880406133491412290694016470033063708,https://www.wunderground.com/history/daily/us/ny/new-york-city/KLGA,KLGA,2026-05-09T13:02:09.731775Z,2026-05-11T12:00:00Z,1,1,False
0x14c6711fe95ac37a7358e90d02c6916a8f36021702d663ec91cec78a86ffd1c4,highest-temperature-in-nyc-on-may-11-2026,Highest temperature in NYC on May 11?,Will the highest temperature in New York City be between 70-71°F on May 11?,70-71°F,New York City,temperature,49696324051657760381528337356377915805357216262152924922756899468658197542599,110969471204916545556127988697247687223589878389694169255141164785112878803817,https://www.wunderground.com/history/daily/us/ny/new-york-city/KLGA,KLGA,2026-05-09T13:02:14.454039Z,2026-05-11T12:00:00Z,1,1,False
0x286af19f05a92b5c5b57203789cd60c3d32868ae0e1260ed0c4ba731615fd99d,highest-temperature-in-nyc-on-may-11-2026,Highest temperature in NYC on May 11?,Will the highest temperature in New York City be 72°F or higher on May 11?,72°F or higher,New York City,temperature,54840412266207473517737504561295602140542713995316889409593325295492114533735,168291742925873468167911364427636482602891462065411263298266488495849859133,https://www.wunderground.com/history/daily/us/ny/new-york-city/KLGA,KLGA,2026-05-09T13:02:18.464481Z,2026-05-11T12:00:00Z,1,1,False
0x151975609d20f0ab0b7eea089cf07b86c912d2a49e4e1905f458506d394176dd,highest-temperature-in-nyc-on-may-12-2026,Highest temperature in NYC on May 12?,Will the highest temperature in New York City be 57°F or below on May 12?,57°F or below,New York City,temperature,30410530478581671173274523780293065379994124472801896153279049501579051878176,52561081171469675515290513919902444477469775937976790489712409445450767420005,https://www.wunderground.com/history/daily/us/ny/new-york-city/KLGA,KLGA,2026-05-10T04:43:29.07359Z,2026-05-12T12:00:00Z,1,1,False
0xbc1a2e63d86b38028cab0d9a9a934331146f6dee9763bec701a9b553d9450758,highest-temperature-in-nyc-on-may-12-2026,Highest temperature in NYC on May 12?,Will the highest temperature in New York City be between 58-59°F on May 12?,58-59°F,New York City,temperature,67604607124113368585568482434806742926857290198934817128118916906673158942278,42287647981560016254379166562940144388745047116236828323550500833342508960929,https://www.wunderground.com/history/daily/us/ny/new-york-city/KLGA,KLGA,2026-05-10T04:43:34.347778Z,2026-05-12T12:00:00Z,1,1,False
0x89164e6cb5eeafdbbbfe8a93a117a2065ac0db21a34b5b2c8d11c82978a149a3,highest-temperature-in-nyc-on-may-12-2026,Highest temperature in NYC on May 12?,Will the highest temperature in New York City be between 60-61°F on May 12?,60-61°F,New York City,temperature,16121738054786983778097629929822314475955220361835904519983686271569178488172,112260167702401145762908476619316822599079559754213894357517843277366409389222,https://www.wunderground.com/history/daily/us/ny/new-york-city/KLGA,KLGA,2026-05-10T04:43:43.517983Z,2026-05-12T12:00:00Z,1,1,False
0x2b185440f2d05537a75119c3726e10ae522f1c39a7c22730b165efec41f76949,highest-temperature-in-nyc-on-may-12-2026,Highest temperature in NYC on May 12?,Will the highest temperature in New York City be between 62-63°F on May 12?,62-63°F,New York City,temperature,105926351747041233456535093912330508102736501388769331019328161011628959789605,64162000412260326026288580507496259991247170624411663223278810774163422978638,https://www.wunderground.com/history/daily/us/ny/new-york-city/KLGA,KLGA,2026-05-10T04:43:45.57019Z,2026-05-12T12:00:00Z,1,1,False
0x1699d1bf0dfbc4fabb226a2b0fe04e16aecd4773921bcf1c9e291e2b6ab9660e,highest-temperature-in-nyc-on-may-12-2026,Highest temperature in NYC on May 12?,Will the highest temperature in New York City be between 64-65°F on May 12?,64-65°F,New York City,temperature,57203009677288543927606582436051751732280160849487839825276145065858271428895,48114918737374613657160270860521731778930377359518985367308328412218092606051,https://www.wunderground.com/history/daily/us/ny/new-york-city/KLGA,KLGA,2026-05-10T04:43:46.560914Z,2026-05-12T12:00:00Z,1,1,False
0x05c5c725f53ca18400a8e57a8eb00fc6e79d1042465a46fef5f3f57158ea479e,highest-temperature-in-nyc-on-may-12-2026,Highest temperature in NYC on May 12?,Will the highest temperature in New York City be between 66-67°F on May 12?,66-67°F,New York City,temperature,37689542709286701750360020445656144376680297696237435847770287015856179261527,96846095761875767749006170477720051323150535134170969984559098970841117957892,https://www.wunderground.com/history/daily/us/ny/new-york-city/KLGA,KLGA,2026-05-10T04:44:13.410464Z,2026-05-12T12:00:00Z,1,1,False
0xef455001762c5dd2eb2e5ab112e09177f1f277d14ac2e6dff18e49a44ff3d972,highest-temperature-in-nyc-on-may-12-2026,Highest temperature in NYC on May 12?,Will the highest temperature in New York City be between 68-69°F on May 12?,68-69°F,New York City,temperature,48556025478650746602361631175070755094411037536840190259687632079597955729400,98466611441798683491921082386039478525923102656257797148599439732382927264773,https://www.wunderground.com/history/daily/us/ny/new-york-city/KLGA,KLGA,2026-05-10T04:43:57.460098Z,2026-05-12T12:00:00Z,1,1,False
0x78d44bbbdf75f9d87ba2870a64c02e7f2d80d8e51d9ad53d1f48341811a71cfe,highest-temperature-in-nyc-on-may-12-2026,Highest temperature in NYC on May 12?,Will the highest temperature in New York City be between 70-71°F on May 12?,70-71°F,New York City,temperature,37683624792764097868475658849793433078993409286460474141507738222760791109217,113957492117614094107822615198561765313119652870325108785606853131431097676017,https://www.wunderground.com/history/daily/us/ny/new-york-city/KLGA,KLGA,2026-05-10T04:44:00.397907Z,2026-05-12T12:00:00Z,1,1,False
0x677c72d8e7051161505913a1c49645110fe27fb6b6f1b88845158eedd747ab2e,highest-temperature-in-nyc-on-may-12-2026,Highest temperature in NYC on May 12?,Will the highest temperature in New York City be between 72-73°F on May 12?,72-73°F,New York City,temperature,4918795246566041351354537008292702741062622410429512712259140826016674802291,42503292163165498308771049505769397687649312148315364507749883220177417478982,https://www.wunderground.com/history/daily/us/ny/new-york-city/KLGA,KLGA,2026-05-10T04:43:59.655583Z,2026-05-12T12:00:00Z,1,1,False
0xdb893c3bdaec6b94fe4bc530467b3f5fd256f63ea2d0238af8070ce6907684b3,highest-temperature-in-nyc-on-may-12-2026,Highest temperature in NYC on May 12?,Will the highest temperature in New York City be between 74-75°F on May 12?,74-75°F,New York City,temperature,111567634304590505474040463058356117017952244940741129622175760183078299396369,84300166507047673686930643008930056149536335717037348694338165098872442880185,https://www.wunderground.com/history/daily/us/ny/new-york-city/KLGA,KLGA,2026-05-10T04:44:07.600897Z,2026-05-12T12:00:00Z,1,1,False
0xb67b3986d11501ecaeb41de0799fcccb056edf01510e49fe7ac1d4d67993acd5,highest-temperature-in-nyc-on-may-12-2026,Highest temperature in NYC on May 12?,Will the highest temperature in New York City be 76°F or higher on May 12?,76°F or higher,New York City,temperature,11566235254738789385128353323635120512173273940123152141647777875854141611561,80051249324285060049934696233774967891271168303944008936959244309873415471756,https://www.wunderground.com/history/daily/us/ny/new-york-city/KLGA,KLGA,2026-05-10T04:44:09.703069Z,2026-05-12T12:00:00Z,1,1,False
0x90bee84183ede9061d786da7244d12754688cda8308fe5249832b0c09724b4f4,highest-temperature-in-nyc-on-may-13-2026,Highest temperature in NYC on May 13?,Will the highest temperature in New York City be 55°F or below on May 13?,55°F or below,New York City,temperature,112536528588707206478964213929860047434240697033614030718929853348517055344381,2438621645209257135239098275800255478851119159760500426043246993277556135577,https://www.wunderground.com/history/daily/us/ny/new-york-city/KLGA,KLGA,2026-05-11T05:00:47.897076Z,2026-05-13T12:00:00Z,1,1,False
0x6e31b92f76508af365f6106cc5920ccbb706b6a0bdf6a61ef45f6780e3a87c92,highest-temperature-in-nyc-on-may-13-2026,Highest temperature in NYC on May 13?,Will the highest temperature in New York City be between 56-57°F on May 13?,56-57°F,New York City,temperature,75043610463996384027645784202985804494513465292190073975569649919461326410914,6185742928742155838684356316899952601848924149529501519773330347694427140974,https://www.wunderground.com/history/daily/us/ny/new-york-city/KLGA,KLGA,2026-05-11T05:00:54.79212Z,2026-05-13T12:00:00Z,1,1,False
0x82d9184fc2edeca4c990cd4fb0168abfc365e6b19d7d227922a6f4286344a0f7,highest-temperature-in-nyc-on-may-13-2026,Highest temperature in NYC on May 13?,Will the highest temperature in New York City be between 58-59°F on May 13?,58-59°F,New York City,temperature,31771961752162142565179175726235033678092755081843086069831876705298685109860,64500174768208981850263148735464950667015166190828117447544041358307432678025,https://www.wunderground.com/history/daily/us/ny/new-york-city/KLGA,KLGA,2026-05-11T05:00:57.835442Z,2026-05-13T12:00:00Z,1,1,False
0x180df7cb9c5450cd0f6c8b8a63002501264457c1dbb08535254c774a113644eb,highest-temperature-in-nyc-on-may-13-2026,Highest temperature in NYC on May 13?,Will the highest temperature in New York City be between 60-61°F on May 13?,60-61°F,New York City,temperature,73737887324119230347542522224815163629776985711310668237371876065811467514094,77698286486647398078888163783815080978010701764798724503963265222294132280692,https://www.wunderground.com/history/daily/us/ny/new-york-city/KLGA,KLGA,2026-05-11T05:01:05.070906Z,2026-05-13T12:00:00Z,1,1,False
0xab05e20f627ee0fbaf40eff91dc86e05434fd0a12a34e3799a0b729d96c76419,highest-temperature-in-nyc-on-may-13-2026,Highest temperature in NYC on May 13?,Will the highest temperature in New York City be between 62-63°F on May 13?,62-63°F,New York City,temperature,71110667368467946270298044637855584184984390983734082171717031730244734533464,196518562043078110545160296545862930362124799062033612355750328274185333893,https://www.wunderground.com/history/daily/us/ny/new-york-city/KLGA,KLGA,2026-05-11T05:01:12.469538Z,2026-05-13T12:00:00Z,1,1,False
0x561e828eeb7d3d67b9674cf48f4e289ab0fc5ee4e82b43bef34c494fa57540ae,highest-temperature-in-nyc-on-may-13-2026,Highest temperature in NYC on May 13?,Will the highest temperature in New York City be between 64-65°F on May 13?,64-65°F,New York City,temperature,5322193727839633387689713486706588070808339815537128329841012984402199255833,35582756171911418861606015145418298907128175201079629193955340369972002216060,https://www.wunderground.com/history/daily/us/ny/new-york-city/KLGA,KLGA,2026-05-11T05:01:14.245754Z,2026-05-13T12:00:00Z,1,1,False
0x3014ceec0160546a801fc86db3813c98e5e1244e750193ce873e5f35c11d67df,highest-temperature-in-nyc-on-may-13-2026,Highest temperature in NYC on May 13?,Will the highest temperature in New York City be between 66-67°F on May 13?,66-67°F,New York City,temperature,70356863005612115044574144950091391670562360096490149184478554252097433958395,19741317926462823806466414991201728256783013845529371623478136111068365396955,https://www.wunderground.com/history/daily/us/ny/new-york-city/KLGA,KLGA,2026-05-11T05:01:19.450854Z,2026-05-13T12:00:00Z,1,1,False
0xeada8341cbcf44687e14ba218553deee5baa1d0c6ca5b2e235e9266d98af0e75,highest-temperature-in-nyc-on-may-13-2026,Highest temperature in NYC on May 13?,Will the highest temperature in New York City be between 68-69°F on May 13?,68-69°F,New York City,temperature,11459047284049145978475785929850192204138465583344097454857157774313787179981,8710264345034977961885149916178212444807882345875342937162711390070188690890,https://www.wunderground.com/history/daily/us/ny/new-york-city/KLGA,KLGA,2026-05-11T05:01:26.495281Z,2026-05-13T12:00:00Z,1,1,False
0x27e8e50835df00a560cf6d8fb06e6ab452fcf954e64c5bb5b6e83bb3669e3f0c,highest-temperature-in-nyc-on-may-13-2026,Highest temperature in NYC on May 13?,Will the highest temperature in New York City be between 70-71°F on May 13?,70-71°F,New York City,temperature,103761441718117191575307529718835432928775240801294505281221396557654026381634,22962285630077241412944719253192917867653652283998176544617808927928623149428,https://www.wunderground.com/history/daily/us/ny/new-york-city/KLGA,KLGA,2026-05-11T05:01:33.502138Z,2026-05-13T12:00:00Z,1,1,False
0x04fc65e48dea18c7815e003d02c1fef96798c8c400fea36669b210d54b92fa82,highest-temperature-in-nyc-on-may-13-2026,Highest temperature in NYC on May 13?,Will the highest temperature in New York City be between 72-73°F on May 13?,72-73°F,New York City,temperature,105050023154022897670491388318852985284793743906880944914978547796352997390316,76849709634569642197623640354012118970659021909313722250881979559530104385945,https://www.wunderground.com/history/daily/us/ny/new-york-city/KLGA,KLGA,2026-05-11T05:01:42.157123Z,2026-05-13T12:00:00Z,1,1,False
0x3e55dfd93fbc895cf2570a197c35e11a97ef5fdb1c136692d13dfd2a49b08af4,highest-temperature-in-nyc-on-may-13-2026,Highest temperature in NYC on May 13?,Will the highest temperature in New York City be 74°F or higher on May 13?,74°F or higher,New York City,temperature,48274813908279844607537704156246148471806766047862477277307657518389588903277,53998818791317806797733102043791277202685324953607441222316843722496457251480,https://www.wunderground.com/history/daily/us/ny/new-york-city/KLGA,KLGA,2026-05-11T05:01:54.33991Z,2026-05-13T12:00:00Z,1,1,False
0xa586d27ab47a073f6a45bd7ff45d5c5cef633d4d24270edb84a422a43a82a0c8,highest-temperature-in-nyc-on-may-14-2026,Highest temperature in NYC on May 14?,Will the highest temperature in New York City be 57°F or below on May 14?,57°F or below,New York City,temperature,8413032947664669681744522543042882121899075387678411947514171895929350339838,59755760647206402173248355003932634803229557576506501714618950933667216946012,https://www.wunderground.com/history/daily/us/ny/new-york-city/KLGA,KLGA,2026-05-12T04:43:43.663883Z,2026-05-14T12:00:00Z,1,1,False
0xa4c0a9ed8c78ee4300d79c7e9a6a3bb8209fbe4681dc373b13d7dda479b1dc04,highest-temperature-in-nyc-on-may-14-2026,Highest temperature in NYC on May 14?,Will the highest temperature in New York City be between 58-59°F on May 14?,58-59°F,New York City,temperature,27417212950434553975822847708065622128925346426961534993761682691616232400125,21797783307158472041293955076481741348626816400919948221575605558090916014199,https://www.wunderground.com/history/daily/us/ny/new-york-city/KLGA,KLGA,2026-05-12T04:43:44.758403Z,2026-05-14T12:00:00Z,1,1,False
0xb19c67b53141800a05c93d0a39e19f41e9f36eda788c5c6c82e56c00049dc929,highest-temperature-in-nyc-on-may-14-2026,Highest temperature in NYC on May 14?,Will the highest temperature in New York City be between 60-61°F on May 14?,60-61°F,New York City,temperature,9084239824844286657980012282672754848426580501374834004009130049910819329865,100965833350826055803407402110805939048700734068659693868993448825360232754540,https://www.wunderground.com/history/daily/us/ny/new-york-city/KLGA,KLGA,2026-05-12T04:43:48.814964Z,2026-05-14T12:00:00Z,1,1,False
0xa7612d5e0441a7691551ebced994401c38989a74b719f3850c95a080fd2e4bf2,highest-temperature-in-nyc-on-may-14-2026,Highest temperature in NYC on May 14?,Will the highest temperature in New York City be between 62-63°F on May 14?,62-63°F,New York City,temperature,47368450429658911080409304494975004373120997245044163666379785988140718095275,50460360863648350121320435403144227555001510032116916493460393010643296833410,https://www.wunderground.com/history/daily/us/ny/new-york-city/KLGA,KLGA,2026-05-12T04:43:58.068587Z,2026-05-14T12:00:00Z,1,1,False
0xa9671ce8de31165c90104199f7c983130cbdbed3cd63600b99a1437a5db49969,highest-temperature-in-nyc-on-may-14-2026,Highest temperature in NYC on May 14?,Will the highest temperature in New York City be between 64-65°F on May 14?,64-65°F,New York City,temperature,63524151038904431111755015445972615380950462787360567487280741380397195916502,114312751510137572096425894036365172679080117036806411626890595207278975508616,https://www.wunderground.com/history/daily/us/ny/new-york-city/KLGA,KLGA,2026-05-12T04:44:00.942017Z,2026-05-14T12:00:00Z,1,1,False
0x3c475a59038bdfb300f86163721b9fd228660ceadc023bc5e0bb3f421faebc67,highest-temperature-in-nyc-on-may-14-2026,Highest temperature in NYC on May 14?,Will the highest temperature in New York City be between 66-67°F on May 14?,66-67°F,New York City,temperature,37942667671377521248024144142991249214091908205510315666444135520438253267126,111250858484735066754570916799826191427771106678159944165136665519829111531743,https://www.wunderground.com/history/daily/us/ny/new-york-city/KLGA,KLGA,2026-05-12T04:44:03.173107Z,2026-05-14T12:00:00Z,1,1,False
0xfb442721d4b1128f846abb082607cb0376541dac30aa0d1a0cac97ef04a6d0b2,highest-temperature-in-nyc-on-may-14-2026,Highest temperature in NYC on May 14?,Will the highest temperature in New York City be between 68-69°F on May 14?,68-69°F,New York City,temperature,66729993100702694918319166622826889741879818904169974785751042765825058777976,115202496543022872594226360709250711091068129586061267557437486586262232782368,https://www.wunderground.com/history/daily/us/ny/new-york-city/KLGA,KLGA,2026-05-12T04:44:05.157107Z,2026-05-14T12:00:00Z,1,1,False
0x9dbf6648ea12a5b367ee7cb88f9fa5d7250b43f631c52c640792c0fa1fa2fa37,highest-temperature-in-nyc-on-may-14-2026,Highest temperature in NYC on May 14?,Will the highest temperature in New York City be between 70-71°F on May 14?,70-71°F,New York City,temperature,103043491614819501503597528920302714415872711712203165759200418211606086228085,37040531902188441849212686106573124249817543163457435050804730810701653800913,https://www.wunderground.com/history/daily/us/ny/new-york-city/KLGA,KLGA,2026-05-12T04:44:13.126079Z,2026-05-14T12:00:00Z,1,1,False
0x18e1a67bf2b324a453a5d812ea6a88974c03e4217f6e1f18f03cb97efe606592,highest-temperature-in-nyc-on-may-14-2026,Highest temperature in NYC on May 14?,Will the highest temperature in New York City be between 72-73°F on May 14?,72-73°F,New York City,temperature,111796555390392972202508172882639168913165625726104954148168551188068637877755,114010049780244243677705188010491136569201448495202938222392281485638623039518,https://www.wunderground.com/history/daily/us/ny/new-york-city/KLGA,KLGA,2026-05-12T04:44:19.04083Z,2026-05-14T12:00:00Z,1,1,False
0x890e9ca07890be1c6d01b61d3b8d2aecf4bd671bef0a519c9193251cbd647417,highest-temperature-in-nyc-on-may-14-2026,Highest temperature in NYC on May 14?,Will the highest temperature in New York City be between 74-75°F on May 14?,74-75°F,New York City,temperature,71263415553792537710038386404756196137308860746755637738339237962907001490227,64783325871769406277601568630401878284848923279545835261085078352900162170502,https://www.wunderground.com/history/daily/us/ny/new-york-city/KLGA,KLGA,2026-05-12T04:44:23.853697Z,2026-05-14T12:00:00Z,1,1,False
0x4bf627f1681f33b45a3a2593853be4ca382a9437ecf801af58369486c3c47f94,highest-temperature-in-nyc-on-may-14-2026,Highest temperature in NYC on May 14?,Will the highest temperature in New York City be 76°F or higher on May 14?,76°F or higher,New York City,temperature,78727524906844631599530603351899153225510488697407487570335273844468843509290,5148722122357006952855417000141816693695845290925955754290411843722141798233,https://www.wunderground.com/history/daily/us/ny/new-york-city/KLGA,KLGA,2026-05-12T04:44:26.93318Z,2026-05-14T12:00:00Z,1,1,False
0x3b6182b62989bd194244800a10f9b1607481ea83263575206b627907c058506e,highest-temperature-in-nyc-on-may-15-2026,Highest temperature in NYC on May 15?,Will the highest temperature in New York City be 55°F or below on May 15?,55°F or below,New York City,temperature,42773881156620812250145652106891767965230018661860124988254474493033439218723,53689206157971731877808926658825865473494791942533501391421425001433198744664,https://www.wunderground.com/history/daily/us/ny/new-york-city/KLGA,KLGA,2026-05-13T04:19:40.949559Z,2026-05-15T12:00:00Z,1,1,False
0x2967c01b521f234f873026fa3b29dd0a7b359619128f80a9e210c341c3495fd9,highest-temperature-in-nyc-on-may-15-2026,Highest temperature in NYC on May 15?,Will the highest temperature in New York City be between 56-57°F on May 15?,56-57°F,New York City,temperature,77039115485445359324968946731308616048061191180195493637515526572277805452318,73249807756747195575425951660733376015446009139372829415266599080591095830295,https://www.wunderground.com/history/daily/us/ny/new-york-city/KLGA,KLGA,2026-05-13T04:19:44.218275Z,2026-05-15T12:00:00Z,1,1,False
0xb8ab99c3ddf2ef25dbc37c5cf9a1c2b51298acc43c5caf798e3fdf85d8864bdc,highest-temperature-in-nyc-on-may-15-2026,Highest temperature in NYC on May 15?,Will the highest temperature in New York City be between 58-59°F on May 15?,58-59°F,New York City,temperature,89656612195793951091372526660468484143442142331596850327232969945530734372352,1835609039122929912568262756829840238600123022579481385886785961280438413015,https://www.wunderground.com/history/daily/us/ny/new-york-city/KLGA,KLGA,2026-05-13T04:19:51.731412Z,2026-05-15T12:00:00Z,1,1,False
0x45a54f274523cebfaab123116399e65e2a2a634345a9077cd29839400d81458a,highest-temperature-in-nyc-on-may-15-2026,Highest temperature in NYC on May 15?,Will the highest temperature in New York City be between 60-61°F on May 15?,60-61°F,New York City,temperature,74518606279321299016820134974092726726084807203526227152054158161803228840765,47081731070749775328820934997628776097587020532331259489404818934508687663007,https://www.wunderground.com/history/daily/us/ny/new-york-city/KLGA,KLGA,2026-05-13T04:19:51.477265Z,2026-05-15T12:00:00Z,1,1,False
0x81af3408c68fb19cf57b11881c7de9cd7173f21fd730832ed97b3aa4b23bf841,highest-temperature-in-nyc-on-may-15-2026,Highest temperature in NYC on May 15?,Will the highest temperature in New York City be between 62-63°F on May 15?,62-63°F,New York City,temperature,43301296859867739284116608769621802896728590168767479773746973998102028750067,103415664351784226888885268781684217860833480248914970323278995905683869691954,https://www.wunderground.com/history/daily/us/ny/new-york-city/KLGA,KLGA,2026-05-13T04:19:54.500569Z,2026-05-15T12:00:00Z,1,1,False
0xd69b194558ae090dc00e93347b10c6411e24183fda9307e7e211f830f942afaa,highest-temperature-in-nyc-on-may-15-2026,Highest temperature in NYC on May 15?,Will the highest temperature in New York City be between 64-65°F on May 15?,64-65°F,New York City,temperature,65042437521153646761184016056719363253949769805496297064924675594300960567626,104231671144355803561935765036343439213922402357081995447519751948128090905275,https://www.wunderground.com/history/daily/us/ny/new-york-city/KLGA,KLGA,2026-05-13T04:19:56.271792Z,2026-05-15T12:00:00Z,1,1,False
0x99cd90dea8ad204fd51da6384a61f274a5a1e66988c1b5f4a71977e4e7995dae,highest-temperature-in-nyc-on-may-15-2026,Highest temperature in NYC on May 15?,Will the highest temperature in New York City be between 66-67°F on May 15?,66-67°F,New York City,temperature,29092430401211063646185003596683333195151408519324676429777469942778571730924,18011777665461561450151623686762668963093751009795814722773508949299520672059,https://www.wunderground.com/history/daily/us/ny/new-york-city/KLGA,KLGA,2026-05-13T04:20:03.589558Z,2026-05-15T12:00:00Z,1,1,False
0x5e235ca0fff4333453bfff6dd712140009fa76e1942d331c743b3e131893d40a,highest-temperature-in-nyc-on-may-15-2026,Highest temperature in NYC on May 15?,Will the highest temperature in New York City be between 68-69°F on May 15?,68-69°F,New York City,temperature,29386301521524426334047261405941845077926691234203852892858504024089359397051,84048084321276209803674054330246474807914153670067745338269711041285291567528,https://www.wunderground.com/history/daily/us/ny/new-york-city/KLGA,KLGA,2026-05-13T04:20:04.390747Z,2026-05-15T12:00:00Z,1,1,False
0x884b87d7895f73f53402ddd8d37bf02242a47ddc7df941db03476bbefe35907a,highest-temperature-in-nyc-on-may-15-2026,Highest temperature in NYC on May 15?,Will the highest temperature in New York City be between 70-71°F on May 15?,70-71°F,New York City,temperature,58001664923378924168114903139410277426175996169720556057977852911410991672431,55581161821564805457109631750357301924270017767706347520604937744204360340672,https://www.wunderground.com/history/daily/us/ny/new-york-city/KLGA,KLGA,2026-05-13T04:20:06.653993Z,2026-05-15T12:00:00Z,1,1,False
0xe226362df0150bed9f2981115f990f581d31e517ea2c0cc19cfb5b2b50cb1fc9,highest-temperature-in-nyc-on-may-15-2026,Highest temperature in NYC on May 15?,Will the highest temperature in New York City be between 72-73°F on May 15?,72-73°F,New York City,temperature,82086014428644451654787101647223350525535776373281630809362085127112144902722,66232300749612400700740810975895616704553823013861520164548734082827130358988,https://www.wunderground.com/history/daily/us/ny/new-york-city/KLGA,KLGA,2026-05-13T04:20:08.902414Z,2026-05-15T12:00:00Z,1,1,False
0x2d8659560463ff6304a1dbf80003ea09bbc7629ebba395976ca51d5a242146e5,highest-temperature-in-nyc-on-may-15-2026,Highest temperature in NYC on May 15?,Will the highest temperature in New York City be 74°F or higher on May 15?,74°F or higher,New York City,temperature,23745792773014182157240553623906068921759009249008537308923898499405606571696,54724303869691931072829847471901236233796223713473541430769522127675454436083,https://www.wunderground.com/history/daily/us/ny/new-york-city/KLGA,KLGA,2026-05-13T04:20:20.99469Z,2026-05-15T12:00:00Z,1,1,False
0x0009da00e25d507706eadeb480fcecdd58dc26c24fcd3a06acd32b5db0f4ec8c,highest-temperature-in-nyc-on-may-16-2026,Highest temperature in NYC on May 16?,Will the highest temperature in New York City be 65°F or below on May 16?,65°F or below,New York City,temperature,104785502744670035041969717328901209046939707290252582643354078551020741798944,18278095393584478364711506486024178374158633478645713723635827830856201632214,https://www.wunderground.com/history/daily/us/ny/new-york-city/KLGA,KLGA,2026-05-14T04:49:40.670997Z,2026-05-16T12:00:00Z,1,1,False
0x405ea119b4da1123ea28d52b49d92aafc3509f995adcb6b563da07392c7d5c5b,highest-temperature-in-nyc-on-may-16-2026,Highest temperature in NYC on May 16?,Will the highest temperature in New York City be between 66-67°F on May 16?,66-67°F,New York City,temperature,55886111451064428060504103047286911923056060195492273898178589567530737460144,94243223550639753986576901485331509782204760764816025400754804079779696146512,https://www.wunderground.com/history/daily/us/ny/new-york-city/KLGA,KLGA,2026-05-14T04:49:41.70601Z,2026-05-16T12:00:00Z,1,1,False
0x3c97a421dc822152d92926c61e9f33b9b82500797a683026d539c6fc0128be7a,highest-temperature-in-nyc-on-may-16-2026,Highest temperature in NYC on May 16?,Will the highest temperature in New York City be between 68-69°F on May 16?,68-69°F,New York City,temperature,30639177395267932906753173649769448708765366290101380366990565474523161473317,92678853283906350972378939819505516784026839423381069106856707869743512299977,https://www.wunderground.com/history/daily/us/ny/new-york-city/KLGA,KLGA,2026-05-14T04:49:47.607484Z,2026-05-16T12:00:00Z,1,1,False
0x511e82b94f188fddda7c305edf6d2807e65884f2dfe09f46cb7a0ff487bb8349,highest-temperature-in-nyc-on-may-16-2026,Highest temperature in NYC on May 16?,Will the highest temperature in New York City be between 70-71°F on May 16?,70-71°F,New York City,temperature,2591237652786627504019160707190113669181770103377561290927227980151765503816,32488330779939032643567360559468904735974686525893492724214170438446147611934,https://www.wunderground.com/history/daily/us/ny/new-york-city/KLGA,KLGA,2026-05-14T04:49:48.601489Z,2026-05-16T12:00:00Z,1,1,False
0x892707383a1dc69d90d125476c2226e9aa100695ae0067ac9cbec0e1bf817344,highest-temperature-in-nyc-on-may-16-2026,Highest temperature in NYC on May 16?,Will the highest temperature in New York City be between 72-73°F on May 16?,72-73°F,New York City,temperature,73894463227146049905067984376188758382353332367341300226777731997498250777240,77342509583393712876848212184484576114031367822900007113906571651582746601765,https://www.wunderground.com/history/daily/us/ny/new-york-city/KLGA,KLGA,2026-05-14T04:50:14.496379Z,2026-05-16T12:00:00Z,1,1,False
0xe890f236f5b13dae896b29bef9defc20e0144259b0425d253c9c06315c4b896d,highest-temperature-in-nyc-on-may-16-2026,Highest temperature in NYC on May 16?,Will the highest temperature in New York City be between 74-75°F on May 16?,74-75°F,New York City,temperature,90288158884209242301621480123305301600006123153581773777354357887389963194858,59436053886840664819632717106714177266273676248295195878724189453920317873186,https://www.wunderground.com/history/daily/us/ny/new-york-city/KLGA,KLGA,2026-05-14T04:50:17.56681Z,2026-05-16T12:00:00Z,1,1,False
0x259dc4506c73d78b5e4ebc70bdee5833ffe0dc3137b91eec30601276170409bd,highest-temperature-in-nyc-on-may-16-2026,Highest temperature in NYC on May 16?,Will the highest temperature in New York City be between 76-77°F on May 16?,76-77°F,New York City,temperature,106047356618429546383855063924697856230983000741291729437170345602918350204035,68500389652103891794233221211461961672518090713836487320541754625219540570210,https://www.wunderground.com/history/daily/us/ny/new-york-city/KLGA,KLGA,2026-05-14T04:50:21.436407Z,2026-05-16T12:00:00Z,1,1,False
0xcb028172f7ed13c4fb1bd747b24f6801736e4db6a44cf900f618db08cd78e34e,highest-temperature-in-nyc-on-may-16-2026,Highest temperature in NYC on May 16?,Will the highest temperature in New York City be between 78-79°F on May 16?,78-79°F,New York City,temperature,105267064788911285022579937247284135412019685273294269429949649215814470525608,6626949188819019266680774289713989343059716172827817585519661267440381151152,https://www.wunderground.com/history/daily/us/ny/new-york-city/KLGA,KLGA,2026-05-14T04:50:21.699694Z,2026-05-16T12:00:00Z,1,1,False
0x18db36bb04b7e130e39ee4e3293064aeb46821ad17099a6843f612e166591045,highest-temperature-in-nyc-on-may-16-2026,Highest temperature in NYC on May 16?,Will the highest temperature in New York City be between 80-81°F on May 16?,80-81°F,New York City,temperature,909996868720768547539842010101016371561978160866788649655886527718264314812,113482721922903528152928057256731390587058577495908349876597127466176177696581,https://www.wunderground.com/history/daily/us/ny/new-york-city/KLGA,KLGA,2026-05-14T04:50:26.49996Z,2026-05-16T12:00:00Z,1,1,False
0x5f77eeab32bbe62e37f3dcd7759ae308c472bc2cf8b2e8044b4a29659c1f476a,highest-temperature-in-nyc-on-may-16-2026,Highest temperature in NYC on May 16?,Will the highest temperature in New York City be between 82-83°F on May 16?,82-83°F,New York City,temperature,80720050850556743755133606052632459502138289613068708834418689836566488358593,93746422274835824966631253691185056481010755254406202993581290668864153504137,https://www.wunderground.com/history/daily/us/ny/new-york-city/KLGA,KLGA,2026-05-14T04:50:28.534394Z,2026-05-16T12:00:00Z,1,1,False
0x048fa1f1694a952f53d7f5bdb5045d77a90c9e1d91e8e09b4124220eab507f90,highest-temperature-in-nyc-on-may-16-2026,Highest temperature in NYC on May 16?,Will the highest temperature in New York City be 84°F or higher on May 16?,84°F or higher,New York City,temperature,3948404077931173232047208003435416667616438541560258540002551444053738528339,74237601643332283766768704773774313468108013750737495372906575295089171004279,https://www.wunderground.com/history/daily/us/ny/new-york-city/KLGA,KLGA,2026-05-14T04:50:54.838291Z,2026-05-16T12:00:00Z,1,1,False
0x24c708d5f1f5475507b2f3c463712540d5ba81755598b3b60b84c71a81aeb6be,highest-temperature-in-nyc-on-may-19-2026,Highest temperature in NYC on May 19?,Will the highest temperature in New York City be 95°F or below on May 19?,95°F or below,New York City,temperature,33730358622224315057312534237624939887189620997641644665851240762619150101557,88299478562580257466691435417135593717191775344031187547868087412028185383888,https://www.wunderground.com/history/daily/us/ny/new-york-city/KLGA,KLGA,2026-05-19T22:08:12.081673Z,2026-05-19T12:00:00Z,1,1,False
0xb30a6799eb44672a4f9455270d2af3368b9f150c106c19d5952bc85fc56fef4f,highest-temperature-in-nyc-on-may-19-2026,Highest temperature in NYC on May 19?,Will the highest temperature in New York City be between 96-97°F on May 19?,96-97°F,New York City,temperature,2846458414053939740095276670428781953443870941022851899714793192012686369204,104491087655574085076236538600860356396787518329728879397378078891438512857865,https://www.wunderground.com/history/daily/us/ny/new-york-city/KLGA,KLGA,2026-05-19T22:08:21.286163Z,2026-05-19T12:00:00Z,1,1,False
0xa268eb01f5ef6987f7aef678efc9a1518f73216a40332e0c8333f73a22235211,highest-temperature-in-nyc-on-may-19-2026,Highest temperature in NYC on May 19?,Will the highest temperature in New York City be between 98-99°F on May 19?,98-99°F,New York City,temperature,77163060564034346245743128388677784923848807810205238061068965781521239355873,34999073532804451724037603446873088543564471615869529938812487708137995418537,https://www.wunderground.com/history/daily/us/ny/new-york-city/KLGA,KLGA,2026-05-19T22:08:23.258734Z,2026-05-19T12:00:00Z,1,1,False
0x10272d3b2ebb53cb6937d7e1ed585066eda8251c4794c841cfbd2a52f4e95d3a,highest-temperature-in-nyc-on-may-19-2026,Highest temperature in NYC on May 19?,Will the highest temperature in New York City be between 100-101°F on May 19?,100-101°F,New York City,temperature,104319824092351461661668902553803119374018334852528120148954707756961759219960,62489579700225217443644942140000618322804526125386885899550519242226471058762,https://www.wunderground.com/history/daily/us/ny/new-york-city/KLGA,KLGA,2026-05-19T22:08:25.286426Z,2026-05-19T12:00:00Z,1,1,False
0x2c0a5ea9423649e842e015aacecb3557c77315125dfca3e2d276de66724ed55f,highest-temperature-in-nyc-on-may-19-2026,Highest temperature in NYC on May 19?,Will the highest temperature in New York City be between 102-103°F on May 19?,102-103°F,New York City,temperature,80703620947039078301704685812928983538798644163211383668257936460961345371,28744000603665504234193625665111102205155878616397237347229503974886977312661,https://www.wunderground.com/history/daily/us/ny/new-york-city/KLGA,KLGA,2026-05-19T22:08:26.273674Z,2026-05-19T12:00:00Z,1,1,False
0x67e20c3831a808f61a08c873b3288c5da78c28defe068651cd9e1de74522088b,highest-temperature-in-nyc-on-may-19-2026,Highest temperature in NYC on May 19?,Will the highest temperature in New York City be between 104-105°F on May 19?,104-105°F,New York City,temperature,76143390230315070312651876238464844148208191311561256097472015896892878076889,55382245197467707891627211398007482382841540123603750390872594290717309927086,https://www.wunderground.com/history/daily/us/ny/new-york-city/KLGA,KLGA,2026-05-19T22:08:37.443418Z,2026-05-19T12:00:00Z,1,1,False
0xbb472ad187518e923abcd6b71a63da2a92cb77d6106e00a7a79ee6495004e8ac,highest-temperature-in-nyc-on-may-19-2026,Highest temperature in NYC on May 19?,Will the highest temperature in New York City be between 106-107°F on May 19?,106-107°F,New York City,temperature,19705064881364659436296978989768984921366004862591421841965188664598886552885,55967013747782512137801784230173966143078732380107818458500598262702694332428,https://www.wunderground.com/history/daily/us/ny/new-york-city/KLGA,KLGA,2026-05-19T22:08:39.18127Z,2026-05-19T12:00:00Z,1,1,False
0x0edbc4a321c2c090c757f818f4fb42bb24d8f6634631507410d4e4d9ddb0e58c,highest-temperature-in-nyc-on-may-19-2026,Highest temperature in NYC on May 19?,Will the highest temperature in New York City be between 108-109°F on May 19?,108-109°F,New York City,temperature,26936986563137924544169088154838045453630587992678542186992729109966299758961,1500555604150517195457689463938951922974932720885212589255836535060432545097,https://www.wunderground.com/history/daily/us/ny/new-york-city/KLGA,KLGA,2026-05-19T22:08:42.179709Z,2026-05-19T12:00:00Z,1,1,False
0x2621e12bfdbe96fa3278bf273878706e8e17f3a5514052f3df52347cb9def97e,highest-temperature-in-nyc-on-may-19-2026,Highest temperature in NYC on May 19?,Will the highest temperature in New York City be between 110-111°F on May 19?,110-111°F,New York City,temperature,15364544746554576824109278675190953153914488305623230600899654373492597881584,115308616616737699461175696719371026384879510409285887697009440223279895260089,https://www.wunderground.com/history/daily/us/ny/new-york-city/KLGA,KLGA,2026-05-19T22:08:47.335379Z,2026-05-19T12:00:00Z,1,1,False
0x18dffde10c6496789ba0b3d486e854ab23c7d78ec8d76de7eb6bb57e5031d1f9,highest-temperature-in-nyc-on-may-19-2026,Highest temperature in NYC on May 19?,Will the highest temperature in New York City be between 112-113°F on May 19?,112-113°F,New York City,temperature,105996800790268988888801804746995265596095800581918512538110932291260960016223,49463899586498644632115323300763193349419661999055960589402710078517085414225,https://www.wunderground.com/history/daily/us/ny/new-york-city/KLGA,KLGA,2026-05-19T22:09:00.588757Z,2026-05-19T12:00:00Z,1,1,False
0xaf6f80c7f80dadadfe519ece43a16b48bcf9aa8af34a4578c95c4ca4f3cef748,highest-temperature-in-nyc-on-may-19-2026,Highest temperature in NYC on May 19?,Will the highest temperature in New York City be 114°F or higher on May 19?,114°F or higher,New York City,temperature,11516506196474656158961597229854477228312628505922986782401894748695169460400,17367129238272681706691021745957504518030225566893918016380348456968913484517,https://www.wunderground.com/history/daily/us/ny/new-york-city/KLGA,KLGA,2026-05-19T22:09:01.59877Z,2026-05-19T12:00:00Z,1,1,False
0x224db46715234fdc7b091ad9621525e6dbba44eb3ca131f852b08b4cebf465d4,highest-temperature-in-nyc-on-may-20-2026,Highest temperature in NYC on May 20?,Will the highest temperature in New York City be 85°F or below on May 20?,85°F or below,New York City,temperature,115149953372422029651655251242624359244431032602782341924966348186251028864139,35124143563941626595718568008988064219723558081159019608717513597605871728385,https://www.wunderground.com/history/daily/us/ny/new-york-city/KLGA,KLGA,2026-05-18T04:23:24.069174Z,2026-05-20T12:00:00Z,1,1,False
0x1d7a088bbc6aa39d8e34a8ecf453adafe1f462347b773d9ed347abe750735127,highest-temperature-in-nyc-on-may-20-2026,Highest temperature in NYC on May 20?,Will the highest temperature in New York City be between 86-87°F on May 20?,86-87°F,New York City,temperature,78047099507643683123244203348409338512630256060181571509479479456762910775821,15334304740616219977803836998496060840418423183232607996181697801969176130778,https://www.wunderground.com/history/daily/us/ny/new-york-city/KLGA,KLGA,2026-05-18T04:23:28.09782Z,2026-05-20T12:00:00Z,1,1,False
0x51c09db53429a62c88086bc92b68f7774e73d4f91412ad18f7f338ec54e002ae,highest-temperature-in-nyc-on-may-20-2026,Highest temperature in NYC on May 20?,Will the highest temperature in New York City be between 88-89°F on May 20?,88-89°F,New York City,temperature,28977462789887021742939915673723012777117162829176645545060214987022521085813,20120433956195675728947039598407944618198740422906833562304920846526329180595,https://www.wunderground.com/history/daily/us/ny/new-york-city/KLGA,KLGA,2026-05-18T04:23:36.168583Z,2026-05-20T12:00:00Z,1,1,False
0x858ffd2d39f370dfdf4b652ff0841fd11c950791c8e7b5b81b4ac74403b30b73,highest-temperature-in-nyc-on-may-20-2026,Highest temperature in NYC on May 20?,Will the highest temperature in New York City be between 90-91°F on May 20?,90-91°F,New York City,temperature,13856055741908903186048604446303386929246850510425503388685281775258879333606,83569481361042492030494344042849378125090911971900662878512466980766980711922,https://www.wunderground.com/history/daily/us/ny/new-york-city/KLGA,KLGA,2026-05-18T04:23:41.023815Z,2026-05-20T12:00:00Z,1,1,False
0xb33cc6045fece5002b60f5a22020e66fac7c0dfb2b223aa0af91d857b3c83bdf,highest-temperature-in-nyc-on-may-20-2026,Highest temperature in NYC on May 20?,Will the highest temperature in New York City be between 92-93°F on May 20?,92-93°F,New York City,temperature,9506973182216025903173572260825578014367188503983205575085449782518375915893,72383198383050188579870337506998592329151489760359784021492409083134404255049,https://www.wunderground.com/history/daily/us/ny/new-york-city/KLGA,KLGA,2026-05-18T04:23:45.358425Z,2026-05-20T12:00:00Z,1,1,False
0x75d4fa120ac90ba8e860692ad5e15e98263071f600730cf3b94af4dff6182165,highest-temperature-in-nyc-on-may-20-2026,Highest temperature in NYC on May 20?,Will the highest temperature in New York City be between 94-95°F on May 20?,94-95°F,New York City,temperature,97591647643524982417634730194697119731784526215548819914742770067621496322973,70567843886501780934319318957075174925405934398945824824127552144161476747605,https://www.wunderground.com/history/daily/us/ny/new-york-city/KLGA,KLGA,2026-05-18T04:24:04.632701Z,2026-05-20T12:00:00Z,1,1,False
0x171e7fca690db138bddae5ae12dedcc98f549901aa8dd435ebf35e06bcfe71b3,highest-temperature-in-nyc-on-may-20-2026,Highest temperature in NYC on May 20?,Will the highest temperature in New York City be between 96-97°F on May 20?,96-97°F,New York City,temperature,88163932473981461967759725001753301209979392730078478760648761567403335714059,45538735625179838082856315124218789680004114005540631227134161943618203577390,https://www.wunderground.com/history/daily/us/ny/new-york-city/KLGA,KLGA,2026-05-18T04:24:18.579004Z,2026-05-20T12:00:00Z,1,1,False
0x5780c8167aae580e8fe7ea84d5b9be410da0164e2a0201da28dd61f779eb3e68,highest-temperature-in-nyc-on-may-20-2026,Highest temperature in NYC on May 20?,Will the highest temperature in New York City be between 98-99°F on May 20?,98-99°F,New York City,temperature,53551474642328956901600587913825991982688590514185360538859968553034320370598,47899539076004651714644127924197730520695141234720320659057189278636230210133,https://www.wunderground.com/history/daily/us/ny/new-york-city/KLGA,KLGA,2026-05-18T04:26:00.1766Z,2026-05-20T12:00:00Z,1,1,False
0x491793e21616c76e77ff04f6b4374e88e1868f3a80cec5e860276d182532109b,highest-temperature-in-nyc-on-may-20-2026,Highest temperature in NYC on May 20?,Will the highest temperature in New York City be between 100-101°F on May 20?,100-101°F,New York City,temperature,114599312013319463268101106130749584219210030815881989749762118678418841446551,43877782468133156789464365837564527130576364255639670452566106982019034150126,https://www.wunderground.com/history/daily/us/ny/new-york-city/KLGA,KLGA,2026-05-18T04:24:20.702907Z,2026-05-20T12:00:00Z,1,1,False
0xb308ab3e57bed71a89622239745de6dc236e846da0ac582c7d1c068fa9461897,highest-temperature-in-nyc-on-may-20-2026,Highest temperature in NYC on May 20?,Will the highest temperature in New York City be between 102-103°F on May 20?,102-103°F,New York City,temperature,74788005178686405932566600895836322120184722739090772032201529883103407862346,20029893668619696606021734524321842413092316839879824969867502830361707951509,https://www.wunderground.com/history/daily/us/ny/new-york-city/KLGA,KLGA,2026-05-18T04:24:21.695205Z,2026-05-20T12:00:00Z,1,1,False
0x90d78505e323c23cfa2576b9d93309723c6e9fab4fa937cd95c75cb6055ebb95,highest-temperature-in-nyc-on-may-20-2026,Highest temperature in NYC on May 20?,Will the highest temperature in New York City be 104°F or higher on May 20?,104°F or higher,New York City,temperature,71268797933847967952737340589035759388238395010860935518173468426523723195850,21024736913220730885593185580248465596918269196166823067492487694620260566145,https://www.wunderground.com/history/daily/us/ny/new-york-city/KLGA,KLGA,2026-05-18T04:24:53.6353Z,2026-05-20T12:00:00Z,1,1,False
0xa59cc8d2d52dc31afa5b85470b6f76902d0b7e9b022a182c57f328089078e83d,highest-temperature-in-nyc-on-may-21-2026,Highest temperature in NYC on May 21?,Will the highest temperature in New York City be 59°F or below on May 21?,59°F or below,New York City,temperature,23851009437148064085945877557970869508052798984292148212327494112483079849622,57412421579047888317062370452625877182091521534302142114436967824664991442301,https://www.wunderground.com/history/daily/us/ny/new-york-city/KLGA,KLGA,2026-05-19T04:27:53.005611Z,2026-05-21T12:00:00Z,1,1,False
0xf15b896b01e9ed1fd666aaebe57e760bdb3feb7432951375ec1ad26f41d51229,highest-temperature-in-nyc-on-may-21-2026,Highest temperature in NYC on May 21?,Will the highest temperature in New York City be between 60-61°F on May 21?,60-61°F,New York City,temperature,7943628627658361864863600135606282881320430978201160199278727855079881399016,83033742040859500955593464171817181846013053290270743385042485857567048827258,https://www.wunderground.com/history/daily/us/ny/new-york-city/KLGA,KLGA,2026-05-19T04:27:59.260113Z,2026-05-21T12:00:00Z,1,1,False
0x7d2cbc5e218d0d7de6538718aa2fa7d07f3552831fcb0d00c0d6369ed17359d2,highest-temperature-in-nyc-on-may-21-2026,Highest temperature in NYC on May 21?,Will the highest temperature in New York City be between 62-63°F on May 21?,62-63°F,New York City,temperature,35735764150753868635652775201856744206210602928902321865520401263221072380678,29344469490668021897136800314607203678348280324428201670357770618049965186708,https://www.wunderground.com/history/daily/us/ny/new-york-city/KLGA,KLGA,2026-05-19T04:28:00.542663Z,2026-05-21T12:00:00Z,1,1,False
0xe208abdfc267a23b1bbfda2513985cdbe40ba9bae858d6f95940436a6588238d,highest-temperature-in-nyc-on-may-21-2026,Highest temperature in NYC on May 21?,Will the highest temperature in New York City be between 64-65°F on May 21?,64-65°F,New York City,temperature,20951552269157860097004186327870285332625631227626455436510079752206469687864,18602563106090432523680450847160143283337461972217625709108274640647369107942,https://www.wunderground.com/history/daily/us/ny/new-york-city/KLGA,KLGA,2026-05-19T04:28:08.871419Z,2026-05-21T12:00:00Z,1,1,False
0x15e82bd9605bc007d15a2127a520c79d631b88f2e193dd34a0ae712c3c6761d9,highest-temperature-in-nyc-on-may-21-2026,Highest temperature in NYC on May 21?,Will the highest temperature in New York City be between 66-67°F on May 21?,66-67°F,New York City,temperature,64270915597730806653748147741381887629013273373406527402980475963910070677833,38345897953277011245365495099310195910117432260429980351020967081768829780215,https://www.wunderground.com/history/daily/us/ny/new-york-city/KLGA,KLGA,2026-05-19T04:28:10.92104Z,2026-05-21T12:00:00Z,1,1,False
0x4e42646e4b71c8210efb3df567c90fb28e03836465bab46d5eb7a47610207b7d,highest-temperature-in-nyc-on-may-21-2026,Highest temperature in NYC on May 21?,Will the highest temperature in New York City be between 68-69°F on May 21?,68-69°F,New York City,temperature,30867317936381401000101269870960084912256277572148093121767846816223478800138,96114198728566281822714772869647258007465937464467432368659765544726457432383,https://www.wunderground.com/history/daily/us/ny/new-york-city/KLGA,KLGA,2026-05-19T04:28:19.933219Z,2026-05-21T12:00:00Z,1,1,False
0xacfdee728a31ee08b71405e77ef1c188e241a38b8bee895cdc92b8da27874627,highest-temperature-in-nyc-on-may-21-2026,Highest temperature in NYC on May 21?,Will the highest temperature in New York City be between 70-71°F on May 21?,70-71°F,New York City,temperature,108233536713708431569543067589268528283874246159100297792162990696820867201214,113215808465109821436553772428600910010103707597535039129856589308834893941090,https://www.wunderground.com/history/daily/us/ny/new-york-city/KLGA,KLGA,2026-05-19T04:28:25.142011Z,2026-05-21T12:00:00Z,1,1,False
0x462e7f0ce6f9bfd77d2396cb7116b4070cd026c28a6eac1b047fee9152b5a59f,highest-temperature-in-nyc-on-may-21-2026,Highest temperature in NYC on May 21?,Will the highest temperature in New York City be between 72-73°F on May 21?,72-73°F,New York City,temperature,74029950930160535422717667929739901479519716863465585925095559690858773241251,112658823221967262195125235472646889350323662074310015898616056141827949334115,https://www.wunderground.com/history/daily/us/ny/new-york-city/KLGA,KLGA,2026-05-19T04:28:27.132024Z,2026-05-21T12:00:00Z,1,1,False
0xb3bb42e96fa5f486befa7fd09b36ab02550e648cc575985bb5ea2f1f2e51fed2,highest-temperature-in-nyc-on-may-21-2026,Highest temperature in NYC on May 21?,Will the highest temperature in New York City be between 74-75°F on May 21?,74-75°F,New York City,temperature,102632118853077324462409735562745221128977652493014285555460530706459100417247,48961672106844480691107832575074518025031768318352095450087061686884898188412,https://www.wunderground.com/history/daily/us/ny/new-york-city/KLGA,KLGA,2026-05-19T04:28:35.199402Z,2026-05-21T12:00:00Z,1,1,False
0x5083e059ed7b1822fa3f31f1451dc4abeaab7332ac1eab9bec92c9c4f8bf9792,highest-temperature-in-nyc-on-may-21-2026,Highest temperature in NYC on May 21?,Will the highest temperature in New York City be between 76-77°F on May 21?,76-77°F,New York City,temperature,84239248289384796699930712060888773566176136658567011730358258982822919971482,2651639325254846381730379085948368553062262662536293252693312078248247509057,https://www.wunderground.com/history/daily/us/ny/new-york-city/KLGA,KLGA,2026-05-19T04:28:38.258528Z,2026-05-21T12:00:00Z,1,1,False
0xf86f404796540d49fd27934092ed6fe56e1fecc21ea8f3ad48fba2e57624f931,highest-temperature-in-nyc-on-may-21-2026,Highest temperature in NYC on May 21?,Will the highest temperature in New York City be 78°F or higher on May 21?,78°F or higher,New York City,temperature,81157998086697784962721184562537151936838356685124498052688488104325246574899,7652324832690011944855624420216739391412527506179022923564384481338791705684,https://www.wunderground.com/history/daily/us/ny/new-york-city/KLGA,KLGA,2026-05-19T04:28:41.050501Z,2026-05-21T12:00:00Z,1,1,False
0x15ff9f291c8e418e928241d400477cbd9af0475f3d2e6bbe8adc11effce0a5b0,highest-temperature-in-nyc-on-may-22-2026,Highest temperature in NYC on May 22?,Will the highest temperature in New York City be 57°F or below on May 22?,57°F or below,New York City,temperature,62581174142602600936720651810271294267625040274551946549503449491443583384259,64866550919203845638676461229892871432453381514819609696140426282262745712308,https://www.wunderground.com/history/daily/us/ny/new-york-city/KLGA,KLGA,2026-05-20T04:12:40.725332Z,2026-05-22T12:00:00Z,1,1,False
0x9c83a207b996e3ba837c39bba73bb00097e0906f10e11f3dfd665fb22d8f7e8d,highest-temperature-in-nyc-on-may-22-2026,Highest temperature in NYC on May 22?,Will the highest temperature in New York City be between 58-59°F on May 22?,58-59°F,New York City,temperature,51916067246762011497310129767111846190279880315002686865416109885862215498114,112663967457632211629331977845498545009140931153154294175566199125146983666063,https://www.wunderground.com/history/daily/us/ny/new-york-city/KLGA,KLGA,2026-05-20T04:11:10.886346Z,2026-05-22T12:00:00Z,1,1,False
0x39b6fc5de4223553d61cc77320fc3d8658bd1260b7c4a77ba6a55c52ba728c17,highest-temperature-in-nyc-on-may-22-2026,Highest temperature in NYC on May 22?,Will the highest temperature in New York City be between 60-61°F on May 22?,60-61°F,New York City,temperature,13200701153601075571944103457699407170983133871856875857163882047836524442328,98115935140053952837440699363180539842538671888820773890329493413424967684173,https://www.wunderground.com/history/daily/us/ny/new-york-city/KLGA,KLGA,2026-05-20T04:11:13.273043Z,2026-05-22T12:00:00Z,1,1,False
0x3f8e2dcd351812dfaf2adecafad2c35f6276b4963e9eb9d4d25b4703f3375949,highest-temperature-in-nyc-on-may-22-2026,Highest temperature in NYC on May 22?,Will the highest temperature in New York City be between 62-63°F on May 22?,62-63°F,New York City,temperature,115176536398989330297796331710956648635992218469004756432315974396322181141886,105763037028342833211786420793719129912647468339552168005843042023570100819302,https://www.wunderground.com/history/daily/us/ny/new-york-city/KLGA,KLGA,2026-05-20T04:12:10.690164Z,2026-05-22T12:00:00Z,1,1,False
0xdf5f3566b0f69c1f056bca48d900fce28f4396e260d6713f2284eef91294dc3a,highest-temperature-in-nyc-on-may-22-2026,Highest temperature in NYC on May 22?,Will the highest temperature in New York City be between 64-65°F on May 22?,64-65°F,New York City,temperature,22481362998122674176034148805085937930633444960858938999239155089058037873561,98992128142642770143958054234274100458138485103296110340281460432062983220848,https://www.wunderground.com/history/daily/us/ny/new-york-city/KLGA,KLGA,2026-05-20T04:12:56.211253Z,2026-05-22T12:00:00Z,1,1,False
0x6be8a285df7263161eb57a8e4916d01afc3a09dcc1505b0ce7afe20e7f6903f4,highest-temperature-in-nyc-on-may-22-2026,Highest temperature in NYC on May 22?,Will the highest temperature in New York City be between 66-67°F on May 22?,66-67°F,New York City,temperature,47507818485994063370480815922746022111971957564481052383442160917881873872082,12022589325613764822941637548110887936620959535211911715665071172244284532837,https://www.wunderground.com/history/daily/us/ny/new-york-city/KLGA,KLGA,2026-05-20T04:12:59.309536Z,2026-05-22T12:00:00Z,1,1,False
0x5827ce2e1522d755a14c035d94f6ec95c99734fb652134d47e7245214d580fcf,highest-temperature-in-nyc-on-may-22-2026,Highest temperature in NYC on May 22?,Will the highest temperature in New York City be between 68-69°F on May 22?,68-69°F,New York City,temperature,9109566018872662559815899726101952521804817181870217378452534487879466805325,24388568822718798625634256782255817454519983397704578562715006058929846248843,https://www.wunderground.com/history/daily/us/ny/new-york-city/KLGA,KLGA,2026-05-20T04:13:01.635402Z,2026-05-22T12:00:00Z,1,1,False
0xa5707f41edcc35ac392f881698604c40d68667fcd80a93dae097217d9cd8f0af,highest-temperature-in-nyc-on-may-22-2026,Highest temperature in NYC on May 22?,Will the highest temperature in New York City be between 70-71°F on May 22?,70-71°F,New York City,temperature,8024193410768915081397719661337563232669557254575391286940668194011773502470,79214309448398358167064471935764690888843486163373216254610143617912513295314,https://www.wunderground.com/history/daily/us/ny/new-york-city/KLGA,KLGA,2026-05-20T04:13:03.439533Z,2026-05-22T12:00:00Z,1,1,False
0x93464aac403ffade8b4068697b2f5b1692f1cf7836053c9ee049ff1bc410bc1c,highest-temperature-in-nyc-on-may-22-2026,Highest temperature in NYC on May 22?,Will the highest temperature in New York City be between 72-73°F on May 22?,72-73°F,New York City,temperature,50469633166983038828137883630420921725767309857981889048178956518673057886737,4394831492734885545858901327355295159455921729464699095202965284311078909436,https://www.wunderground.com/history/daily/us/ny/new-york-city/KLGA,KLGA,2026-05-20T04:11:13.017965Z,2026-05-22T12:00:00Z,1,1,False
0x29c6cbd1d5071f7321db9a522ef4c5cb498009947b5bb54730ac8fb49ef153c8,highest-temperature-in-nyc-on-may-22-2026,Highest temperature in NYC on May 22?,Will the highest temperature in New York City be between 74-75°F on May 22?,74-75°F,New York City,temperature,25006744246052084554490793483280524024346892734206997271131832524402928653265,52280050857359066880097145145450109283530495217502230224570139523399210567115,https://www.wunderground.com/history/daily/us/ny/new-york-city/KLGA,KLGA,2026-05-20T04:12:12.555587Z,2026-05-22T12:00:00Z,1,1,False
0x5333be5f5843167a8b31a9e209d191c35aacf133c00f945b5121bf4356c04920,highest-temperature-in-nyc-on-may-22-2026,Highest temperature in NYC on May 22?,Will the highest temperature in New York City be 76°F or higher on May 22?,76°F or higher,New York City,temperature,93023139797065686888507093535730897318173029794893657392262467991169876622758,31693182179864383486287098285233619366072676272530378054679990107251808868415,https://www.wunderground.com/history/daily/us/ny/new-york-city/KLGA,KLGA,2026-05-20T04:14:58.964997Z,2026-05-22T12:00:00Z,1,1,False
0x1b211cb60ec3c3bb7b1fcd942c50a3d81fde0fa13664fd1a6eb60caf569abd67,highest-temperature-in-nyc-on-may-23-2026,Highest temperature in NYC on May 23?,Will the highest temperature in New York City be 45°F or below on May 23?,45°F or below,New York City,temperature,78895151597453344649778476379303537456032259813871489426197864332841210011144,35512408657338379381765543293481230042196754870732734943404804710420558031323,https://www.wunderground.com/history/daily/us/ny/new-york-city/KLGA,KLGA,2026-05-21T10:26:47.099075Z,2026-05-23T12:00:00Z,1,1,False
0xb8121034488c6fc4d578dfc9bec2fc543174e304dc9c699ab46566d9835e1350,highest-temperature-in-nyc-on-may-23-2026,Highest temperature in NYC on May 23?,Will the highest temperature in New York City be between 46-47°F on May 23?,46-47°F,New York City,temperature,63538782723787245752254107608257332503963996331518909145627455107305751256009,19655767309373602373712881415345315712119338855488844342829688894362061745846,https://www.wunderground.com/history/daily/us/ny/new-york-city/KLGA,KLGA,2026-05-21T10:26:54.449927Z,2026-05-23T12:00:00Z,1,1,False
0x1ee228ee23408ef0849b0b278676e6fb2f3384eb86633030983153cddfec8087,highest-temperature-in-nyc-on-may-23-2026,Highest temperature in NYC on May 23?,Will the highest temperature in New York City be between 48-49°F on May 23?,48-49°F,New York City,temperature,81426805268534083126829260391991171846168156071798031374099102893009361804658,28578845012836019225505010893677590015949903766021485395766919127770831547833,https://www.wunderground.com/history/daily/us/ny/new-york-city/KLGA,KLGA,2026-05-21T10:26:58.369658Z,2026-05-23T12:00:00Z,1,1,False
0x0317740de89fdf4601d6b96a82e9aaacd60e3ecc3ed83b85333cea4481688d94,highest-temperature-in-nyc-on-may-23-2026,Highest temperature in NYC on May 23?,Will the highest temperature in New York City be between 50-51°F on May 23?,50-51°F,New York City,temperature,30020020999547796112125624090077715059829883435779161001569804684631946345172,18881898615418992272474520300594146789668307096206357228867708947464879646323,https://www.wunderground.com/history/daily/us/ny/new-york-city/KLGA,KLGA,2026-05-21T10:27:01.2685Z,2026-05-23T12:00:00Z,1,1,False
0x416c9bd751fa3e76510d260f133350c9d51b5035876eca2505f7d9cffcf13a51,highest-temperature-in-nyc-on-may-23-2026,Highest temperature in NYC on May 23?,Will the highest temperature in New York City be between 52-53°F on May 23?,52-53°F,New York City,temperature,56437967526600394048542884021097324965135172252897494929251136038194849226284,80640359437092940937824231831086482437543405567172044367033678109012157686304,https://www.wunderground.com/history/daily/us/ny/new-york-city/KLGA,KLGA,2026-05-21T10:27:06.240895Z,2026-05-23T12:00:00Z,1,1,False
0xbc86130927a7b0a8bb8b2f76d0c975bea6e330564f5fd8f5414c6febc5ae8e61,highest-temperature-in-nyc-on-may-23-2026,Highest temperature in NYC on May 23?,Will the highest temperature in New York City be between 54-55°F on May 23?,54-55°F,New York City,temperature,42874311568645423576807878222519208971716845493075087670183369607316217104048,90308014166189218689855044695599688031494328609563947921469064313466518709719,https://www.wunderground.com/history/daily/us/ny/new-york-city/KLGA,KLGA,2026-05-21T10:27:15.23347Z,2026-05-23T12:00:00Z,1,1,False
0x523ca5341a77333c288b0583e95f61683d36c402a14359698542f109839a560a,highest-temperature-in-nyc-on-may-23-2026,Highest temperature in NYC on May 23?,Will the highest temperature in New York City be between 56-57°F on May 23?,56-57°F,New York City,temperature,23861165736234251214461264322065849337056115504110255533853311037429268055973,33204245984450726258681622262265834627321359826106728394664251239769237624261,https://www.wunderground.com/history/daily/us/ny/new-york-city/KLGA,KLGA,2026-05-21T10:27:17.304943Z,2026-05-23T12:00:00Z,1,1,False
0xafa4d99946b9db16cdaf556b711a58d2b27ed0a386fc6d63ef0ec21383432097,highest-temperature-in-nyc-on-may-23-2026,Highest temperature in NYC on May 23?,Will the highest temperature in New York City be between 58-59°F on May 23?,58-59°F,New York City,temperature,41881060048002972778029870075013914332768324242894437095490357617839657778760,11349952527288427299266325659353559459745650778005715079455618832456151105090,https://www.wunderground.com/history/daily/us/ny/new-york-city/KLGA,KLGA,2026-05-21T10:27:21.981712Z,2026-05-23T12:00:00Z,1,1,False
0xd6fa8e8649df80247c7653a3279a356f1cabdd74311f51e5f8e7acf362dfab78,highest-temperature-in-nyc-on-may-23-2026,Highest temperature in NYC on May 23?,Will the highest temperature in New York City be between 60-61°F on May 23?,60-61°F,New York City,temperature,33154215302697244010270152997028164335657017609720048895617803978884615834502,87230734970343001318260422980353754087424571918227134395480834094677966752779,https://www.wunderground.com/history/daily/us/ny/new-york-city/KLGA,KLGA,2026-05-21T10:27:27.147175Z,2026-05-23T12:00:00Z,1,1,False
0x69c936fd967f418a27806dfd18db53bc62cddcb95f313f782e813d20944554d7,highest-temperature-in-nyc-on-may-23-2026,Highest temperature in NYC on May 23?,Will the highest temperature in New York City be between 62-63°F on May 23?,62-63°F,New York City,temperature,97643559848970680353936836945002579963700925648567064782194497937328579914862,10785021896129758402564021759174091801763784278743164729964471329210119959446,https://www.wunderground.com/history/daily/us/ny/new-york-city/KLGA,KLGA,2026-05-21T10:27:34.115314Z,2026-05-23T12:00:00Z,1,1,False
0x2bca69eeb3632c732312901d94e94d6e38f1b52ae0b3e4c2752f863d20ed1d18,highest-temperature-in-nyc-on-may-23-2026,Highest temperature in NYC on May 23?,Will the highest temperature in New York City be 64°F or higher on May 23?,64°F or higher,New York City,temperature,49229728080103540292228219491192448706154762586036940885986465239420681602410,12382848317174500088222051036685536473074858797327248150443630326041501220528,https://www.wunderground.com/history/daily/us/ny/new-york-city/KLGA,KLGA,2026-05-21T10:27:39.009183Z,2026-05-23T12:00:00Z,1,1,False
0xf7b8762318698a22037cd1224633b2787cd829dd342f8f8b7007409a32945e97,highest-temperature-in-nyc-on-may-24-2026,Highest temperature in NYC on May 24?,Will the highest temperature in New York City be 43°F or below on May 24?,43°F or below,New York City,temperature,13715459715499010226540473552997290362240521177286778080376479964635546738551,74774811874220006288256450614729563519513857939869415949062945713950827772348,https://www.wunderground.com/history/daily/us/ny/new-york-city/KLGA,KLGA,2026-05-22T04:13:24.558371Z,2026-05-24T12:00:00Z,1,1,False
0x675eed348fe4040202781593d8ec224274884f27e57dcfaaa4b662e1bcc8e66a,highest-temperature-in-nyc-on-may-24-2026,Highest temperature in NYC on May 24?,Will the highest temperature in New York City be between 44-45°F on May 24?,44-45°F,New York City,temperature,29143066329609706387846491412993887509647273769494846181213582321345441016921,67058315267438119239906788806024583038828239983149043983679297903506086777281,https://www.wunderground.com/history/daily/us/ny/new-york-city/KLGA,KLGA,2026-05-22T04:20:00.619819Z,2026-05-24T12:00:00Z,1,1,False
0x8c2d361a4a4615a675053e134dd3080c2ad7323666b09d2d3ac015065fadc385,highest-temperature-in-nyc-on-may-24-2026,Highest temperature in NYC on May 24?,Will the highest temperature in New York City be between 46-47°F on May 24?,46-47°F,New York City,temperature,23651121302270841529130264081892056918809983214228439011965502593844775770384,101202167728054893120463943647846048377316121037598099420956669756458166344475,https://www.wunderground.com/history/daily/us/ny/new-york-city/KLGA,KLGA,2026-05-22T04:20:00.359477Z,2026-05-24T12:00:00Z,1,1,False
0x21a4b175e4335dea9d513185b3a0743dc7b548f800004738c0e1ba4f0dc174cc,highest-temperature-in-nyc-on-may-24-2026,Highest temperature in NYC on May 24?,Will the highest temperature in New York City be between 48-49°F on May 24?,48-49°F,New York City,temperature,83247343344237144880088210998178758793016926839494873827992271224711793729174,100179936982631183314337166804046967742533762746628535002535381076684973881583,https://www.wunderground.com/history/daily/us/ny/new-york-city/KLGA,KLGA,2026-05-22T04:20:02.355336Z,2026-05-24T12:00:00Z,1,1,False
0xaab96643bd5552282a4e21af5d100dda6ac3f9425969f095abd026658a846ced,highest-temperature-in-nyc-on-may-24-2026,Highest temperature in NYC on May 24?,Will the highest temperature in New York City be between 50-51°F on May 24?,50-51°F,New York City,temperature,93919957472450917361345376935615699325898462034845997258047259233199057214197,12690181250222474578573915893764654459604228582397963855268455295720211968093,https://www.wunderground.com/history/daily/us/ny/new-york-city/KLGA,KLGA,2026-05-22T04:13:25.638414Z,2026-05-24T12:00:00Z,1,1,False
0xc4d56b7375c5279bf65edafed69362b2480a63da4651f0e704ad437493115380,highest-temperature-in-nyc-on-may-24-2026,Highest temperature in NYC on May 24?,Will the highest temperature in New York City be between 52-53°F on May 24?,52-53°F,New York City,temperature,110467321211001306401315557610660560515421145200478543158946961297664256556916,35824470562309252225009106106083839423438378071201170876708572084213728127338,https://www.wunderground.com/history/daily/us/ny/new-york-city/KLGA,KLGA,2026-05-22T04:13:34.771207Z,2026-05-24T12:00:00Z,1,1,False
0xf40ec340b4c6ecd3e8fe92b5a2d3cacba208d98004fcd60b8f6b5273043ae54d,highest-temperature-in-nyc-on-may-24-2026,Highest temperature in NYC on May 24?,Will the highest temperature in New York City be between 54-55°F on May 24?,54-55°F,New York City,temperature,33178369126191185268874328680225859325148315369823920772717661366528118526008,70373626901743171514821200885783650520588771615729462573707700555275010094366,https://www.wunderground.com/history/daily/us/ny/new-york-city/KLGA,KLGA,2026-05-22T04:13:36.841517Z,2026-05-24T12:00:00Z,1,1,False
0x246dc8cdd1b38e41d522d15ae558e81627f3cd03d130e5ae3ba8a5b58799b0d8,highest-temperature-in-nyc-on-may-24-2026,Highest temperature in NYC on May 24?,Will the highest temperature in New York City be between 56-57°F on May 24?,56-57°F,New York City,temperature,66002597031272436145953823857484140183109148933709350771823024859339709222589,17102147552956589416851866473627890787444291573568456041400425698049913019702,https://www.wunderground.com/history/daily/us/ny/new-york-city/KLGA,KLGA,2026-05-22T04:13:38.674633Z,2026-05-24T12:00:00Z,1,1,False
0xc478ac6981f188eb53e052b7a38bde80b2c2fa1a8766ec063eb5ae4a386a66a8,highest-temperature-in-nyc-on-may-24-2026,Highest temperature in NYC on May 24?,Will the highest temperature in New York City be between 58-59°F on May 24?,58-59°F,New York City,temperature,22916609375207744963381853740972481191561780619228983214148416639620663021832,88625047913940349515814922766381082205788854488599729494175464490196855953899,https://www.wunderground.com/history/daily/us/ny/new-york-city/KLGA,KLGA,2026-05-22T04:13:38.935129Z,2026-05-24T12:00:00Z,1,1,False
0xb226ef3414d9d455c501b80895e333b84d70df4cdd7c172c995a25eabea3c4cc,highest-temperature-in-nyc-on-may-24-2026,Highest temperature in NYC on May 24?,Will the highest temperature in New York City be between 60-61°F on May 24?,60-61°F,New York City,temperature,99046670722683669825743760824996655142956608420247454286767839000444139892096,95204245404203524236832070060788269369023505389925696576223207616736500430498,https://www.wunderground.com/history/daily/us/ny/new-york-city/KLGA,KLGA,2026-05-22T04:13:49.107146Z,2026-05-24T12:00:00Z,1,1,False
0x9a524c531d67ad251daa392ab69d9bdb4e7332e5246c88d7ad6751dbdc101dc0,highest-temperature-in-nyc-on-may-24-2026,Highest temperature in NYC on May 24?,Will the highest temperature in New York City be 62°F or higher on May 24?,62°F or higher,New York City,temperature,23164220771964392690799914248415691425274323552485974982711656120943735511767,100925857578386099736064200272289520252081041742692274722831234723551751610950,https://www.wunderground.com/history/daily/us/ny/new-york-city/KLGA,KLGA,2026-05-22T04:13:50.938457Z,2026-05-24T12:00:00Z,1,1,False
0x1a052e6fa537add5fa49af4a5679c136bce5850f5305b0219a289958d351f5c6,highest-temperature-in-nyc-on-may-25-2026,Highest temperature in NYC on May 25?,Will the highest temperature in New York City be 51°F or below on May 25?,51°F or below,New York City,temperature,97377382773060456211296435718663399348521507395249404612693496078277579792882,106890337918846582570599607223709769562976575179794391303255461054703126858443,https://www.wunderground.com/history/daily/us/ny/new-york-city/KLGA,KLGA,2026-05-23T04:47:58.377652Z,2026-05-25T12:00:00Z,1,1,False
0x7730cbdc6807435f5f8e0c4931bd065c6387bc203871bc9fbd8b30bd925e99f6,highest-temperature-in-nyc-on-may-25-2026,Highest temperature in NYC on May 25?,Will the highest temperature in New York City be between 52-53°F on May 25?,52-53°F,New York City,temperature,19916776599140494779023832836479882649715243724378463187428791914635180461678,106527297360109696931934735869732768893632886381255931115619168648154165784540,https://www.wunderground.com/history/daily/us/ny/new-york-city/KLGA,KLGA,2026-05-23T04:47:59.352306Z,2026-05-25T12:00:00Z,1,1,False
0x0d1d8a7858111dcccb174ecab75e7ae81d25fa2adb07cd99d3d0d6daf3118ead,highest-temperature-in-nyc-on-may-25-2026,Highest temperature in NYC on May 25?,Will the highest temperature in New York City be between 54-55°F on May 25?,54-55°F,New York City,temperature,50603156862407063347771203729097623265318812070785513878388027018112504077902,35031050059336088671652059258052666389298474678791965559220819755735246656947,https://www.wunderground.com/history/daily/us/ny/new-york-city/KLGA,KLGA,2026-05-23T04:48:11.957136Z,2026-05-25T12:00:00Z,1,1,False
0xba7fc89b3a7cd7a9a6949c9b02bd103264435f2b5f8828bae916ead4505bea02,highest-temperature-in-nyc-on-may-25-2026,Highest temperature in NYC on May 25?,Will the highest temperature in New York City be between 56-57°F on May 25?,56-57°F,New York City,temperature,7427933578488166707029410866063970980224733905233739602661762849995295371020,59138822981829538369676848358968293004403521145908019571240752180388144712011,https://www.wunderground.com/history/daily/us/ny/new-york-city/KLGA,KLGA,2026-05-23T04:48:22.188937Z,2026-05-25T12:00:00Z,1,1,False
0xc68f7408b97c5206e8ba35d965fc6e3519d7d0ccb38c25af81c4c5bb7c4c3a1e,highest-temperature-in-nyc-on-may-25-2026,Highest temperature in NYC on May 25?,Will the highest temperature in New York City be between 58-59°F on May 25?,58-59°F,New York City,temperature,45167839647283225377190616245437983439949307653449906695770470370815235562888,100744449775467337957860231719564112574301469095460299798291871271763458847317,https://www.wunderground.com/history/daily/us/ny/new-york-city/KLGA,KLGA,2026-05-23T04:48:23.97314Z,2026-05-25T12:00:00Z,1,1,False
0x2d2ced111d99fb854893897d635f5681af574dee1a3148d9dd0ee96014946794,highest-temperature-in-nyc-on-may-25-2026,Highest temperature in NYC on May 25?,Will the highest temperature in New York City be between 60-61°F on May 25?,60-61°F,New York City,temperature,41307494955125552549279900377347672569185510705233226983259274021968590479286,139393933522439991837190248757033644626176172705943424899418774906178582025,https://www.wunderground.com/history/daily/us/ny/new-york-city/KLGA,KLGA,2026-05-23T04:48:27.302362Z,2026-05-25T12:00:00Z,1,1,False
0x4112ce605987bf3edc4bc78cf1865a41a67d6d96d04705f669e3dd201c0dbf37,highest-temperature-in-nyc-on-may-25-2026,Highest temperature in NYC on May 25?,Will the highest temperature in New York City be between 62-63°F on May 25?,62-63°F,New York City,temperature,34224062224708001198041710535167204563739994739448773825377620916909144666409,83412244998013365840767048730981014137975053366443525120739647484776070966139,https://www.wunderground.com/history/daily/us/ny/new-york-city/KLGA,KLGA,2026-05-23T04:48:29.341826Z,2026-05-25T12:00:00Z,1,1,False
0xa7fec93365d9886ef692c310d11aa3c1645bf67ce660d4633b3f337225665857,highest-temperature-in-nyc-on-may-25-2026,Highest temperature in NYC on May 25?,Will the highest temperature in New York City be between 64-65°F on May 25?,64-65°F,New York City,temperature,52841983138929106780131477669682585911764653948458730822212727871063924046327,106779889597592310543282757369916392733464061182107688780489864994660443313653,https://www.wunderground.com/history/daily/us/ny/new-york-city/KLGA,KLGA,2026-05-23T04:48:43.142236Z,2026-05-25T12:00:00Z,1,1,False
0xe2d50234443f9d5f18a69c559283f8aaeaadc97382816b4492f7629de989d482,highest-temperature-in-nyc-on-may-25-2026,Highest temperature in NYC on May 25?,Will the highest temperature in New York City be between 66-67°F on May 25?,66-67°F,New York City,temperature,80803937380544634265295543011594587878001287190125128850052408029791039677083,105196409439467038200276578795591838796406667650620979556034723982590622274903,https://www.wunderground.com/history/daily/us/ny/new-york-city/KLGA,KLGA,2026-05-23T04:48:46.22892Z,2026-05-25T12:00:00Z,1,1,False
0x8cc4f08463782eedcec4aa3c69dbc901c12acf64090f83b408e694e45a84b42f,highest-temperature-in-nyc-on-may-25-2026,Highest temperature in NYC on May 25?,Will the highest temperature in New York City be between 68-69°F on May 25?,68-69°F,New York City,temperature,65921890675296732522677708695824042358658768194238620265418592639759704849102,82532224473354151270468463029724765159948625116566844213320916513347446573564,https://www.wunderground.com/history/daily/us/ny/new-york-city/KLGA,KLGA,2026-05-23T04:48:50.379999Z,2026-05-25T12:00:00Z,1,1,False
0xcddd555fd288b6349f79caf919d55ec220c6139773f0d021c3ea76b571e29da0,highest-temperature-in-nyc-on-may-25-2026,Highest temperature in NYC on May 25?,Will the highest temperature in New York City be 70°F or higher on May 25?,70°F or higher,New York City,temperature,86934430568127043244312491609634171352563703251039787068014275577932909202832,82385816664268685213737318381086774795464390910264992343785536824555603294770,https://www.wunderground.com/history/daily/us/ny/new-york-city/KLGA,KLGA,2026-05-23T04:48:54.475104Z,2026-05-25T12:00:00Z,1,1,False
0xe9e751f93e05f7620b7db8710af5dcd364e910704ef7243c2e888f5c03d2014a,highest-temperature-in-nyc-on-may-26-2026,Highest temperature in NYC on May 26?,Will the highest temperature in New York City be 65°F or below on May 26?,65°F or below,New York City,temperature,25703181126370142453205011360622100349623594083440202233027216106063175283868,4124523553389408306659025700081736040621765891440544799454004078862687875654,https://www.wunderground.com/history/daily/us/ny/new-york-city/KLGA,KLGA,2026-05-24T04:16:56.247953Z,2026-05-26T12:00:00Z,1,1,False
0x585535eb7a20efed4f247cd33754a96ba4b16affc47d276165508165690228d3,highest-temperature-in-nyc-on-may-26-2026,Highest temperature in NYC on May 26?,Will the highest temperature in New York City be between 66-67°F on May 26?,66-67°F,New York City,temperature,85264925215089216100465967588488207648049927892147354402248254603693353214078,34057622998284974871326292077685650502611502965028458992934581026293126219968,https://www.wunderground.com/history/daily/us/ny/new-york-city/KLGA,KLGA,2026-05-24T04:16:58.208409Z,2026-05-26T12:00:00Z,1,1,False
0xb675e8d4e0daff7efbcb6b4270e2b80ea474becdcb080d1ca04f4320a9e53d66,highest-temperature-in-nyc-on-may-26-2026,Highest temperature in NYC on May 26?,Will the highest temperature in New York City be between 68-69°F on May 26?,68-69°F,New York City,temperature,108833293253837516377624573554903691480479187861056430986074075165180396602490,105661987611170438489062493646634560679663263784024529302561259544183219854883,https://www.wunderground.com/history/daily/us/ny/new-york-city/KLGA,KLGA,2026-05-24T04:17:07.42162Z,2026-05-26T12:00:00Z,1,1,False
0xe34324b0d35172db31906f856f890bdc438db68d70070b9b849e662bbb3e571f,highest-temperature-in-nyc-on-may-26-2026,Highest temperature in NYC on May 26?,Will the highest temperature in New York City be between 70-71°F on May 26?,70-71°F,New York City,temperature,104450266846811439721441125962493389994801399870203949082158482166940047575792,93687806606216332462813573232886571953427596125875640555610670074475574857904,https://www.wunderground.com/history/daily/us/ny/new-york-city/KLGA,KLGA,2026-05-24T04:17:12.386435Z,2026-05-26T12:00:00Z,1,1,False
0x102fcf88a375c212f3942da81df003d2f680bdbc4a95c49d72596bceef35469c,highest-temperature-in-nyc-on-may-26-2026,Highest temperature in NYC on May 26?,Will the highest temperature in New York City be between 72-73°F on May 26?,72-73°F,New York City,temperature,11641938671952886313291691296854490092797557740802334331027267036733209901461,72314406014660270119422474723954875506886127076118626005087061720288156296897,https://www.wunderground.com/history/daily/us/ny/new-york-city/KLGA,KLGA,2026-05-24T04:17:14.510589Z,2026-05-26T12:00:00Z,1,1,False
0x5c98c2d72865c789befc96113617de60f35ad5da2b78329c1ab1824c9814e2f9,highest-temperature-in-nyc-on-may-26-2026,Highest temperature in NYC on May 26?,Will the highest temperature in New York City be between 74-75°F on May 26?,74-75°F,New York City,temperature,8880709912016622070695669712322462610256548362299310236608225399326537190782,45642639233215856634925690733534443708714912198075685623583908720625796082220,https://www.wunderground.com/history/daily/us/ny/new-york-city/KLGA,KLGA,2026-05-24T04:17:14.236267Z,2026-05-26T12:00:00Z,1,1,False
0x508ec6e0aa76c56bca06fc9e3cb1ab96ce638756cc33cb8438089973aca87c56,highest-temperature-in-nyc-on-may-26-2026,Highest temperature in NYC on May 26?,Will the highest temperature in New York City be between 76-77°F on May 26?,76-77°F,New York City,temperature,53643841193399775962537567319175681103914861031322989703770672329648665191757,78336300195398892653822148681349505071784639719080631435271909861653284253251,https://www.wunderground.com/history/daily/us/ny/new-york-city/KLGA,KLGA,2026-05-24T04:17:24.084057Z,2026-05-26T12:00:00Z,1,1,False
0x39bdbb8c142e6d7ead150ea4f78c45e01f93cfc95f0f2ab74bb45b0c51c6cc7a,highest-temperature-in-nyc-on-may-26-2026,Highest temperature in NYC on May 26?,Will the highest temperature in New York City be between 78-79°F on May 26?,78-79°F,New York City,temperature,2445770162286753200926414368213399377180124336737999477286473797929243853277,58026107659186607219172324191171169409231147208371949177842349535495085433171,https://www.wunderground.com/history/daily/us/ny/new-york-city/KLGA,KLGA,2026-05-24T04:17:25.894939Z,2026-05-26T12:00:00Z,1,1,False
0xa3d50a9afff75c9130a1908de07928c090411e007a5873af20db0048214944d4,highest-temperature-in-nyc-on-may-26-2026,Highest temperature in NYC on May 26?,Will the highest temperature in New York City be between 80-81°F on May 26?,80-81°F,New York City,temperature,61199496307114553755252739115022383698309855888715009411719991727919754572702,24876943246677392176075338879974338654191310826216770752646181025741665741637,https://www.wunderground.com/history/daily/us/ny/new-york-city/KLGA,KLGA,2026-05-24T04:17:27.966705Z,2026-05-26T12:00:00Z,1,1,False
0xd41204d71a8a0c833c44da01f8ee7a06643cae68e8b411b494fa92c7c51979d8,highest-temperature-in-nyc-on-may-26-2026,Highest temperature in NYC on May 26?,Will the highest temperature in New York City be between 82-83°F on May 26?,82-83°F,New York City,temperature,20801844276145589659542179729824717465489524718739477997473639568720260998603,54873798962554149053170531945104922263300714851879268000547619682613539804440,https://www.wunderground.com/history/daily/us/ny/new-york-city/KLGA,KLGA,2026-05-24T04:17:30.052014Z,2026-05-26T12:00:00Z,1,1,False
0xdaec1bc986c7473fbe7b85bc9be2c8409e7696574457bc162d40957f667009bb,highest-temperature-in-nyc-on-may-26-2026,Highest temperature in NYC on May 26?,Will the highest temperature in New York City be 84°F or higher on May 26?,84°F or higher,New York City,temperature,38208832237521105766690413383342184449553224020136111276373311502298626756717,85132113577593256501587671157933409109104874975019639531287050162952980699008,https://www.wunderground.com/history/daily/us/ny/new-york-city/KLGA,KLGA,2026-05-24T04:25:35.117877Z,2026-05-26T12:00:00Z,1,1,False
0x88257a84cb2cb59bb09306791057fbc7dfab4fa326a575382501f99d4af40580,highest-temperature-in-nyc-on-may-27-2026,Highest temperature in NYC on May 27?,Will the highest temperature in New York City be 73°F or below on May 27?,73°F or below,New York City,temperature,100404724036669560956892569718828073399443533740925437602857781613061144592189,72165963277768572607017494955499165891367811818712233854448775282756946033126,https://www.wunderground.com/history/daily/us/ny/new-york-city/KLGA,KLGA,2026-05-25T04:17:05.644253Z,2026-05-27T12:00:00Z,1,1,False
0x8da61c5ca9bfb08a4f1105c16428ce4c12854fceab727d787645e90f9d9f6897,highest-temperature-in-nyc-on-may-27-2026,Highest temperature in NYC on May 27?,Will the highest temperature in New York City be between 74-75°F on May 27?,74-75°F,New York City,temperature,47915632845931864520284269731938678350533608077009144800129007523470615553104,50449988233108513119154368303098516232446208193967087311650282435068678458890,https://www.wunderground.com/history/daily/us/ny/new-york-city/KLGA,KLGA,2026-05-25T04:17:08.183223Z,2026-05-27T12:00:00Z,1,1,False
0x0306f2020baf3a92b5adfa025b5efaa03d53e967eedef20a956b86a717d3230d,highest-temperature-in-nyc-on-may-27-2026,Highest temperature in NYC on May 27?,Will the highest temperature in New York City be between 76-77°F on May 27?,76-77°F,New York City,temperature,102005497341626708193572177267887781464209217114303146202121733886481152883828,47429475016502560756065387540646811231609551497894918851623931162496700810010,https://www.wunderground.com/history/daily/us/ny/new-york-city/KLGA,KLGA,2026-05-25T04:17:07.921438Z,2026-05-27T12:00:00Z,1,1,False
0x08370920c334d852871fce069c47214c9a1b5eae1b37c828a5c5c8cf7af0d1c2,highest-temperature-in-nyc-on-may-27-2026,Highest temperature in NYC on May 27?,Will the highest temperature in New York City be between 78-79°F on May 27?,78-79°F,New York City,temperature,79733257805419140362861797525410912950621075388704464809966775436063432083884,74279846796058824323235678461644416683007194156510450104606275679684978741325,https://www.wunderground.com/history/daily/us/ny/new-york-city/KLGA,KLGA,2026-05-25T04:17:09.780243Z,2026-05-27T12:00:00Z,1,1,False
0xd62b43dcfc311ee5a23c22189d8b6373f3c4b92c36c9900749a7674756d16910,highest-temperature-in-nyc-on-may-27-2026,Highest temperature in NYC on May 27?,Will the highest temperature in New York City be between 80-81°F on May 27?,80-81°F,New York City,temperature,99176880003010568910885766546451701878143655104350335729637914251510268046219,58177080062759489221847198441219317597353715236473959905160068088091520690869,https://www.wunderground.com/history/daily/us/ny/new-york-city/KLGA,KLGA,2026-05-25T04:17:17.560261Z,2026-05-27T12:00:00Z,1,1,False
0xeeaca1e8240b19175928b82786a67bef16c3531f7ae308711a6b30ceb3cd57ec,highest-temperature-in-nyc-on-may-27-2026,Highest temperature in NYC on May 27?,Will the highest temperature in New York City be between 82-83°F on May 27?,82-83°F,New York City,temperature,109482037428194137409319059808684006338845905160128687579274773108446188390633,109122424563457206261670217603323077437914757537414807765217001689290544355183,https://www.wunderground.com/history/daily/us/ny/new-york-city/KLGA,KLGA,2026-05-25T04:17:20.656927Z,2026-05-27T12:00:00Z,1,1,False
0xf8d47d9cc83f7a6d841106632536e410523718665b851f19ce7dc7e04cdc1fe1,highest-temperature-in-nyc-on-may-27-2026,Highest temperature in NYC on May 27?,Will the highest temperature in New York City be between 84-85°F on May 27?,84-85°F,New York City,temperature,112587291525922684841463918972344271592612783034556286106416667000180407776862,30262429632597826153494664071044260628024350833656365705238297477631444344780,https://www.wunderground.com/history/daily/us/ny/new-york-city/KLGA,KLGA,2026-05-25T04:17:31.792004Z,2026-05-27T12:00:00Z,1,1,False
0x4393603440b319f9193c313f8e4afd0e0aefeb359ff7fb1a82b08d793f22092f,highest-temperature-in-nyc-on-may-27-2026,Highest temperature in NYC on May 27?,Will the highest temperature in New York City be between 86-87°F on May 27?,86-87°F,New York City,temperature,110627583360441508948646962157221307712434416583406164162880931062339442255113,28120203627185651493111695485648399365017374831038334931174665887927483615551,https://www.wunderground.com/history/daily/us/ny/new-york-city/KLGA,KLGA,2026-05-25T04:17:31.529585Z,2026-05-27T12:00:00Z,1,1,False
0x9a6973d7e5eb86fbcc14d71025516799d2ac1e08ff08865859b3b7fce6322a53,highest-temperature-in-nyc-on-may-27-2026,Highest temperature in NYC on May 27?,Will the highest temperature in New York City be between 88-89°F on May 27?,88-89°F,New York City,temperature,16894545970795500971937962885158320327211248434856879447784452800550605239363,64018075607507902256017513924778641146418005779238164542038731621745553690811,https://www.wunderground.com/history/daily/us/ny/new-york-city/KLGA,KLGA,2026-05-25T04:17:41.579428Z,2026-05-27T12:00:00Z,1,1,False
0xc211a39d8499fb5234c57b36a8a8ae39895b31efb2d4e1c8fa3fdba05882efb7,highest-temperature-in-nyc-on-may-27-2026,Highest temperature in NYC on May 27?,Will the highest temperature in New York City be between 90-91°F on May 27?,90-91°F,New York City,temperature,24186138337316472683430771867072790352146246127758912055498043049313425696417,69436882888189379003543675740737865402181431971127946747228553303686951647335,https://www.wunderground.com/history/daily/us/ny/new-york-city/KLGA,KLGA,2026-05-25T04:17:42.947642Z,2026-05-27T12:00:00Z,1,1,False
0x2942b87adfca914b026665c0ce87b37706523285b336f4078c736c0e4ae34bf4,highest-temperature-in-nyc-on-may-27-2026,Highest temperature in NYC on May 27?,Will the highest temperature in New York City be 92°F or higher on May 27?,92°F or higher,New York City,temperature,107771861226655805083120086546463600500787309963561257942476356957228079426403,63068371372181554015695413270536690361074656623567616259656215991327363440860,https://www.wunderground.com/history/daily/us/ny/new-york-city/KLGA,KLGA,2026-05-25T04:17:42.6859Z,2026-05-27T12:00:00Z,1,1,False
0xa6f247fed20839515259852dad4f1f6a786e5c8efe7501349483df8ae056d2c0,highest-temperature-in-nyc-on-may-28-2026,Highest temperature in NYC on May 28?,Will the highest temperature in New York City be 67°F or below on May 28?,67°F or below,New York City,temperature,42090190694539488956664444266446134002831272778932640680922804948675489647985,89721653223595630363858090561077277639195248062739745575204960911984190563355,https://www.wunderground.com/history/daily/us/ny/new-york-city/KLGA,KLGA,2026-05-26T04:40:11.307841Z,2026-05-28T12:00:00Z,0,1,False
0x50e57b8cd29a4b6b0ed5b1d8697f77700121883caaadc432080ea40960b83928,highest-temperature-in-nyc-on-may-28-2026,Highest temperature in NYC on May 28?,Will the highest temperature in New York City be between 68-69°F on May 28?,68-69°F,New York City,temperature,81512391836665092034473477930312183104524606415435859303810817569488773855850,29540735806787541814121843863697186593641460371648497757105765187955117488217,https://www.wunderground.com/history/daily/us/ny/new-york-city/KLGA,KLGA,2026-05-26T04:40:16.495228Z,2026-05-28T12:00:00Z,0,1,False
0x9e636a20da8f0fc67446ec4a9e039fc13407a22496e5fbc8c593641469d8580c,highest-temperature-in-nyc-on-may-28-2026,Highest temperature in NYC on May 28?,Will the highest temperature in New York City be between 70-71°F on May 28?,70-71°F,New York City,temperature,41105007885784582275806435681504468526886348352566075572517431492648051851754,81144863117081552238072076087455393142382978712861207833751543231959131242880,https://www.wunderground.com/history/daily/us/ny/new-york-city/KLGA,KLGA,2026-05-26T04:40:22.411185Z,2026-05-28T12:00:00Z,0,1,False
0x1993e6e5d8966cfd91f5976613e3f34f31645c757cc7bee88187b9564d842d70,highest-temperature-in-nyc-on-may-28-2026,Highest temperature in NYC on May 28?,Will the highest temperature in New York City be between 72-73°F on May 28?,72-73°F,New York City,temperature,105638556202929107496522333278353149687855415431457844656934117096192259060216,6116773044480950665371616320278488811076637837055935118334080867073532937284,https://www.wunderground.com/history/daily/us/ny/new-york-city/KLGA,KLGA,2026-05-26T04:40:29.613209Z,2026-05-28T12:00:00Z,0,1,False
0x963353d1ee2e776940769f7476804f0fba4046bca228b69cf40e4af95256c5bb,highest-temperature-in-nyc-on-may-28-2026,Highest temperature in NYC on May 28?,Will the highest temperature in New York City be between 74-75°F on May 28?,74-75°F,New York City,temperature,32410015423018950512546403820958098073078461398261054854326609230112315673005,35811186910639341683358679772796356441436612364304956891177341536298494957206,https://www.wunderground.com/history/daily/us/ny/new-york-city/KLGA,KLGA,2026-05-26T04:40:33.773205Z,2026-05-28T12:00:00Z,0,1,False
0xa3bb5fb6fc1e06b5c86802f4de27ac2cffbd8ea847de5e0d4b65e95d1f0b605f,highest-temperature-in-nyc-on-may-28-2026,Highest temperature in NYC on May 28?,Will the highest temperature in New York City be between 76-77°F on May 28?,76-77°F,New York City,temperature,76414400045918680022710535851092214200254643366776289804244045434745698276353,75518464002523552906486947300291848634814415933586019091630852968218095099799,https://www.wunderground.com/history/daily/us/ny/new-york-city/KLGA,KLGA,2026-05-26T04:40:37.95181Z,2026-05-28T12:00:00Z,0,1,False
0x4e7435409cedabada094f249ba28d0a8e08e3e076ad308eee30dcf77b6709706,highest-temperature-in-nyc-on-may-28-2026,Highest temperature in NYC on May 28?,Will the highest temperature in New York City be between 78-79°F on May 28?,78-79°F,New York City,temperature,99233212915092162025552690521245259496595100770675147078131871352955586629963,22634875824556703977228732155129404438231540742739694017458431844483443668446,https://www.wunderground.com/history/daily/us/ny/new-york-city/KLGA,KLGA,2026-05-26T04:40:44.000569Z,2026-05-28T12:00:00Z,0,1,False
0xafcbd486b48c8dcd640b5e2f0100adfa09013d596c0c3ba04e5ed76275ffd1cd,highest-temperature-in-nyc-on-may-28-2026,Highest temperature in NYC on May 28?,Will the highest temperature in New York City be between 80-81°F on May 28?,80-81°F,New York City,temperature,40172449185147906820691442118196981738280700470039637182163192762641812755757,5351494157406279097276642094377034974359436953160538924377689787035817293607,https://www.wunderground.com/history/daily/us/ny/new-york-city/KLGA,KLGA,2026-05-26T04:40:48.170534Z,2026-05-28T12:00:00Z,0,1,False
0x9d198527ef11d25fe12c233478fdcfa7fe7787014a569ac3455b707293b5e8d2,highest-temperature-in-nyc-on-may-28-2026,Highest temperature in NYC on May 28?,Will the highest temperature in New York City be between 82-83°F on May 28?,82-83°F,New York City,temperature,72055416542121966534626501740931855124843199967938949887460172752143175617623,19832877652825596603049853947344871860303086425466021538896428104702083037481,https://www.wunderground.com/history/daily/us/ny/new-york-city/KLGA,KLGA,2026-05-26T04:40:50.988024Z,2026-05-28T12:00:00Z,0,1,False
0x43272dc51dc14129761b45f552d5aa3cf01f0e624dc999f963c8a5c3441d7d8c,highest-temperature-in-nyc-on-may-28-2026,Highest temperature in NYC on May 28?,Will the highest temperature in New York City be between 84-85°F on May 28?,84-85°F,New York City,temperature,51591413387543892387739245002613429730405302794422527314951731606064462115491,92554747624116919390598119543941206981334485759648288911142841126391168310664,https://www.wunderground.com/history/daily/us/ny/new-york-city/KLGA,KLGA,2026-05-26T04:40:58.212492Z,2026-05-28T12:00:00Z,0,1,False
0x487cfb1ee87cd76a98ed0db5ea1e00d506cd6e80f33e38c4f04883afd6dd4dc0,highest-temperature-in-nyc-on-may-28-2026,Highest temperature in NYC on May 28?,Will the highest temperature in New York City be 86°F or higher on May 28?,86°F or higher,New York City,temperature,7475212433120443587428294935986782135687823927968791416711675298031596002600,19272621989466163331903554212601510716237701646521838390986626445772721912247,https://www.wunderground.com/history/daily/us/ny/new-york-city/KLGA,KLGA,2026-05-26T04:41:04.310859Z,2026-05-28T12:00:00Z,0,1,False
0xfaef3f46b8b66a185d2d61961d00ee78a0b363a4cc63d4efa52b876148e75528,highest-temperature-in-nyc-on-may-29-2026,Highest temperature in NYC on May 29?,Will the highest temperature in New York City be 69°F or below on May 29?,69°F or below,New York City,temperature,104417281169682953726931594750812898659328982836839735564667652001901387871210,8555322633747229965781184403699734844925082382814651447713827125474606755626,https://www.wunderground.com/history/daily/us/ny/new-york-city/KLGA,KLGA,2026-05-27T04:19:56.999151Z,2026-05-29T12:00:00Z,0,1,False
0xc786e31caaf57dedbcde90a6d736e1bfea33a0f5b24a6ab06daf41e9673cc2da,highest-temperature-in-nyc-on-may-29-2026,Highest temperature in NYC on May 29?,Will the highest temperature in New York City be between 70-71°F on May 29?,70-71°F,New York City,temperature,99150543123500510291081969874472780366778743690114338370630995436129835722590,77367650606079456203404338232484108126448725465009923886026347015509739252882,https://www.wunderground.com/history/daily/us/ny/new-york-city/KLGA,KLGA,2026-05-27T04:20:02.002941Z,2026-05-29T12:00:00Z,0,1,False
0xc06e5258bc92b990dd751db74144c34d3c9b13346f8000ed54b693439600dcbe,highest-temperature-in-nyc-on-may-29-2026,Highest temperature in NYC on May 29?,Will the highest temperature in New York City be between 72-73°F on May 29?,72-73°F,New York City,temperature,31681680952995703615373699350833587126101812970090798632382938750585746196427,18610947145775678889651083023197457710639883635595581672758699186960446821886,https://www.wunderground.com/history/daily/us/ny/new-york-city/KLGA,KLGA,2026-05-27T04:20:03.766874Z,2026-05-29T12:00:00Z,0,1,False
0xc6b6c376b1010c1bc533b1278568aa7b60647f35a759c0b2341a7eaca3a06a08,highest-temperature-in-nyc-on-may-29-2026,Highest temperature in NYC on May 29?,Will the highest temperature in New York City be between 74-75°F on May 29?,74-75°F,New York City,temperature,91242368417225720469072980963253716284741880361025910409623937618046562960393,103373903111042144604250474105895807339090250248936137338006400468644727032764,https://www.wunderground.com/history/daily/us/ny/new-york-city/KLGA,KLGA,2026-05-27T04:20:07.890433Z,2026-05-29T12:00:00Z,0,1,False
0xd540f77490c4d60144c0a0e69f286a97f7d1b0c556792928de030ae85525d82d,highest-temperature-in-nyc-on-may-29-2026,Highest temperature in NYC on May 29?,Will the highest temperature in New York City be between 76-77°F on May 29?,76-77°F,New York City,temperature,32979101046404054128165730842128195378582458440543538922215295512652967851432,35384661586087100164701422112541134008877485623361350192683176465112367706974,https://www.wunderground.com/history/daily/us/ny/new-york-city/KLGA,KLGA,2026-05-27T04:20:12.68668Z,2026-05-29T12:00:00Z,0,1,False
0xb881f1a367098aaf7726431f47d35afccc6e74729102c0300865b960cd6c8fd8,highest-temperature-in-nyc-on-may-29-2026,Highest temperature in NYC on May 29?,Will the highest temperature in New York City be between 78-79°F on May 29?,78-79°F,New York City,temperature,57322473191955398717518417993659618620422906249008288554704516009373226280505,89982708373698441150473283457344722677590279278261649540074884200686510327606,https://www.wunderground.com/history/daily/us/ny/new-york-city/KLGA,KLGA,2026-05-27T04:20:14.752246Z,2026-05-29T12:00:00Z,0,1,False
0x99d8e3dd52e1dc127122a033f347fee5906dfcd26bb082ca78e5f69dbc6b12ca,highest-temperature-in-nyc-on-may-29-2026,Highest temperature in NYC on May 29?,Will the highest temperature in New York City be between 80-81°F on May 29?,80-81°F,New York City,temperature,27197142182102356094370713544207066100213791527689731156642042198632150913649,13304490633115174725969160630940549108232911672759379186407079172938818494317,https://www.wunderground.com/history/daily/us/ny/new-york-city/KLGA,KLGA,2026-05-27T04:20:21.585566Z,2026-05-29T12:00:00Z,0,1,False
0xf3c06bcd83da843485f840000318b19116c464bfcf6f4ce892966ebc9d980f94,highest-temperature-in-nyc-on-may-29-2026,Highest temperature in NYC on May 29?,Will the highest temperature in New York City be between 82-83°F on May 29?,82-83°F,New York City,temperature,74828372754875010858340279413683789530761186343038539211226002363482463437552,44294954204341145804091754477640949622846966879774183738563323311722295903868,https://www.wunderground.com/history/daily/us/ny/new-york-city/KLGA,KLGA,2026-05-27T04:20:24.508347Z,2026-05-29T12:00:00Z,0,1,False
0xea97f1b80f4e886a57870922050ebcfb5dc95698aeb8249e40f2d5e1177f1cf1,highest-temperature-in-nyc-on-may-29-2026,Highest temperature in NYC on May 29?,Will the highest temperature in New York City be between 84-85°F on May 29?,84-85°F,New York City,temperature,62889089532853445435022430181476071719229802116726718737021642797567632595285,5445055982829966265302353943340759503902708254767630072011305931926165410574,https://www.wunderground.com/history/daily/us/ny/new-york-city/KLGA,KLGA,2026-05-27T04:20:28.570438Z,2026-05-29T12:00:00Z,0,1,False
0x765f088c5e32404990f6cd4b572083dba0de0f0fade4af692b2fc167bc0a5e11,highest-temperature-in-nyc-on-may-29-2026,Highest temperature in NYC on May 29?,Will the highest temperature in New York City be between 86-87°F on May 29?,86-87°F,New York City,temperature,99029250766741118877160123489536967379164622250220639017573653939709306574868,106452967747708727419582900113882790526828910482810320828195724378788520946412,https://www.wunderground.com/history/daily/us/ny/new-york-city/KLGA,KLGA,2026-05-27T04:20:35.654264Z,2026-05-29T12:00:00Z,0,1,False
0x3d6cfa72570ae1640c6adbc20cbbc63cab0468e3ab6b6fa38141234732174cb0,highest-temperature-in-nyc-on-may-29-2026,Highest temperature in NYC on May 29?,Will the highest temperature in New York City be 88°F or higher on May 29?,88°F or higher,New York City,temperature,91461353566339251198161659812986693368062179292284602488836200216265948421036,77200905289384812438700742742829208813286203683128293129945463152307449478332,https://www.wunderground.com/history/daily/us/ny/new-york-city/KLGA,KLGA,2026-05-27T04:20:44.639738Z,2026-05-29T12:00:00Z,0,1,False
